-- phpMyAdmin SQL Dump
-- version 4.6.4
-- https://www.phpmyadmin.net/
--
-- Host: 127.0.0.1
-- Generation Time: Jan 18, 2017 at 08:12 PM
-- Server version: 5.7.14
-- PHP Version: 5.6.25

SET SQL_MODE = "NO_AUTO_VALUE_ON_ZERO";
SET time_zone = "+00:00";


/*!40101 SET @OLD_CHARACTER_SET_CLIENT=@@CHARACTER_SET_CLIENT */;
/*!40101 SET @OLD_CHARACTER_SET_RESULTS=@@CHARACTER_SET_RESULTS */;
/*!40101 SET @OLD_COLLATION_CONNECTION=@@COLLATION_CONNECTION */;
/*!40101 SET NAMES utf8mb4 */;

--
-- Database: `bathline_v2`
--

-- --------------------------------------------------------

--
-- Table structure for table `action_permission`
--

CREATE TABLE `action_permission` (
  `id` int(11) NOT NULL,
  `created` datetime NOT NULL,
  `modified` timestamp NOT NULL,
  `owner` int(11) NOT NULL,
  `action_permission_type_id` int(4) NOT NULL,
  `action_permission_parent_id` int(4) NOT NULL,
  `task_id` int(4) NOT NULL,
  `name` varchar(64) COLLATE utf8_unicode_ci NOT NULL,
  `description` text COLLATE utf8_unicode_ci NOT NULL
) ENGINE=MyISAM DEFAULT CHARSET=utf8 COLLATE=utf8_unicode_ci;

--
-- Dumping data for table `action_permission`
--

INSERT INTO `action_permission` (`id`, `created`, `modified`, `owner`, `action_permission_type_id`, `action_permission_parent_id`, `task_id`, `name`, `description`) VALUES
(1, '2017-01-15 11:26:29', '2017-01-15 04:26:29', 1, 1, 1, 1, 'เพิ่ม', 'เพิ่มใบPO ');

-- --------------------------------------------------------

--
-- Table structure for table `action_permission_type`
--

CREATE TABLE `action_permission_type` (
  `id` int(11) NOT NULL,
  `created` datetime NOT NULL,
  `modified` timestamp NOT NULL,
  `owner` int(4) NOT NULL,
  `name` varchar(64) COLLATE utf8_unicode_ci NOT NULL,
  `description` text COLLATE utf8_unicode_ci NOT NULL
) ENGINE=MyISAM DEFAULT CHARSET=utf8 COLLATE=utf8_unicode_ci;

--
-- Dumping data for table `action_permission_type`
--

INSERT INTO `action_permission_type` (`id`, `created`, `modified`, `owner`, `name`, `description`) VALUES
(1, '2017-01-15 11:03:49', '2017-01-15 04:03:49', 1, 'INSERT', 'ป้อนข้อมูล'),
(2, '2017-01-15 11:04:07', '2017-01-15 04:04:07', 1, 'EDIT', 'แก้ไขข้อมูล');

-- --------------------------------------------------------

--
-- Table structure for table `agent`
--

CREATE TABLE `agent` (
  `id` int(11) NOT NULL,
  `created` datetime NOT NULL,
  `modified` timestamp NOT NULL,
  `owner` int(8) NOT NULL,
  `name` varchar(64) COLLATE utf8_unicode_ci NOT NULL,
  `phone` varchar(32) COLLATE utf8_unicode_ci NOT NULL,
  `description` text COLLATE utf8_unicode_ci NOT NULL,
  `region_id` int(8) NOT NULL,
  `bank_account_1` varchar(32) COLLATE utf8_unicode_ci NOT NULL,
  `bank_account_2` varchar(32) COLLATE utf8_unicode_ci NOT NULL,
  `tax_identification` varchar(32) COLLATE utf8_unicode_ci NOT NULL
) ENGINE=MyISAM DEFAULT CHARSET=utf8 COLLATE=utf8_unicode_ci;

--
-- Dumping data for table `agent`
--

INSERT INTO `agent` (`id`, `created`, `modified`, `owner`, `name`, `phone`, `description`, `region_id`, `bank_account_1`, `bank_account_2`, `tax_identification`) VALUES
(1, '2017-01-19 00:57:56', '2017-01-18 17:57:56', 1, 'woodandceramic', '', '', 1, '', '', '');

-- --------------------------------------------------------

--
-- Table structure for table `agent_credit_log`
--

CREATE TABLE `agent_credit_log` (
  `id` int(11) NOT NULL,
  `created` datetime NOT NULL,
  `modified` timestamp NOT NULL,
  `owner` int(8) NOT NULL,
  `agent_id` int(8) NOT NULL,
  `amount` decimal(10,0) NOT NULL,
  `note` text COLLATE utf8_unicode_ci NOT NULL
) ENGINE=MyISAM DEFAULT CHARSET=utf8 COLLATE=utf8_unicode_ci;

-- --------------------------------------------------------

--
-- Table structure for table `amphur`
--

CREATE TABLE `amphur` (
  `id` int(5) NOT NULL,
  `code` varchar(4) COLLATE utf8_unicode_ci NOT NULL,
  `name` varchar(150) COLLATE utf8_unicode_ci NOT NULL,
  `name_english` varchar(150) COLLATE utf8_unicode_ci NOT NULL,
  `geo_id` int(5) NOT NULL DEFAULT '0',
  `province_id` int(5) NOT NULL DEFAULT '0'
) ENGINE=MyISAM DEFAULT CHARSET=utf8 COLLATE=utf8_unicode_ci;

--
-- Dumping data for table `amphur`
--

INSERT INTO `amphur` (`id`, `code`, `name`, `name_english`, `geo_id`, `province_id`) VALUES
(1, '1001', 'เขตพระนคร   ', 'Khet Phra Nakhon', 2, 1),
(2, '1002', 'เขตดุสิต   ', 'Khet Dusit', 2, 1),
(3, '1003', 'เขตหนองจอก   ', 'Khet  Nong Chok', 2, 1),
(4, '1004', 'เขตบางรัก   ', 'Khet Bang Rak', 2, 1),
(5, '1005', 'เขตบางเขน   ', 'Khet Bang Khen', 2, 1),
(6, '1006', 'เขตบางกะปิ   ', 'Khet Bang Kapi', 2, 1),
(7, '1007', 'เขตปทุมวัน   ', 'Khet Pathum Wan', 2, 1),
(8, '1008', 'เขตป้อมปราบศัตรูพ่าย   ', 'Khet Pom Prap Sattru Phai', 2, 1),
(9, '1009', 'เขตพระโขนง   ', 'Khet Phra Khanong', 2, 1),
(10, '1010', 'เขตมีนบุรี   ', 'Khet Min Buri', 2, 1),
(11, '1011', 'เขตลาดกระบัง   ', 'Khet Lat Krabang', 2, 1),
(12, '1012', 'เขตยานนาวา   ', 'Khet Yan Nawa', 2, 1),
(13, '1013', 'เขตสัมพันธวงศ์   ', 'Khet Samphanthawong', 2, 1),
(14, '1014', 'เขตพญาไท   ', 'Khet Phaya Thai', 2, 1),
(15, '1015', 'เขตธนบุรี   ', 'Khet Thon Buri', 2, 1),
(16, '1016', 'เขตบางกอกใหญ่   ', 'Khet Bangkok Yai', 2, 1),
(17, '1017', 'เขตห้วยขวาง   ', 'Khet Huai Khwang', 2, 1),
(18, '1018', 'เขตคลองสาน   ', 'Khet Khlong San', 2, 1),
(19, '1019', 'เขตตลิ่งชัน   ', 'Khet Taling Chan', 2, 1),
(20, '1020', 'เขตบางกอกน้อย   ', 'Khet Bangkok Noi', 2, 1),
(21, '1021', 'เขตบางขุนเทียน   ', 'Khet Bang Khun Thian', 2, 1),
(22, '1022', 'เขตภาษีเจริญ   ', 'Khet Phasi Charoen', 2, 1),
(23, '1023', 'เขตหนองแขม   ', 'Khet Nong Khaem', 2, 1),
(24, '1024', 'เขตราษฎร์บูรณะ   ', 'Khet Rat Burana', 2, 1),
(25, '1025', 'เขตบางพลัด   ', 'Khet Bang Phlat', 2, 1),
(26, '1026', 'เขตดินแดง   ', 'Khet Din Daeng', 2, 1),
(27, '1027', 'เขตบึงกุ่ม   ', 'Khet Bueng Kum', 2, 1),
(28, '1028', 'เขตสาทร   ', 'Khet Sathon', 2, 1),
(29, '1029', 'เขตบางซื่อ   ', 'Khet Bang Sue', 2, 1),
(30, '1030', 'เขตจตุจักร   ', 'Khet Chatuchak', 2, 1),
(31, '1031', 'เขตบางคอแหลม   ', 'Khet Bang Kho Laem', 2, 1),
(32, '1032', 'เขตประเวศ   ', 'Khet Prawet', 2, 1),
(33, '1033', 'เขตคลองเตย   ', 'Khet Khlong Toei', 2, 1),
(34, '1034', 'เขตสวนหลวง   ', 'Khet Suan Luang', 2, 1),
(35, '1035', 'เขตจอมทอง   ', 'Khet Chom Thong', 2, 1),
(36, '1036', 'เขตดอนเมือง   ', 'Khet Don Mueang', 2, 1),
(37, '1037', 'เขตราชเทวี   ', 'Khet Ratchathewi', 2, 1),
(38, '1038', 'เขตลาดพร้าว   ', 'Khet Lat Phrao', 2, 1),
(39, '1039', 'เขตวัฒนา   ', 'Khet Watthana', 2, 1),
(40, '1040', 'เขตบางแค   ', 'Khet Bang Khae', 2, 1),
(41, '1041', 'เขตหลักสี่   ', 'Khet Lak Si', 2, 1),
(42, '1042', 'เขตสายไหม   ', 'Khet Sai Mai', 2, 1),
(43, '1043', 'เขตคันนายาว   ', 'Khet Khan Na Yao', 2, 1),
(44, '1044', 'เขตสะพานสูง   ', 'Khet Saphan Sung', 2, 1),
(45, '1045', 'เขตวังทองหลาง   ', 'Khet Wang Thonglang', 2, 1),
(46, '1046', 'เขตคลองสามวา   ', 'Khet Khlong Sam Wa', 2, 1),
(47, '1047', 'เขตบางนา   ', 'Khet Bang Na', 2, 1),
(48, '1048', 'เขตทวีวัฒนา   ', 'Khet Thawi Watthana', 2, 1),
(49, '1049', 'เขตทุ่งครุ   ', 'Khet Thung Khru', 2, 1),
(50, '1050', 'เขตบางบอน   ', 'Khet Bang Bon', 2, 1),
(51, '1081', '*บ้านทะวาย   ', '*Bantawai', 2, 1),
(52, '1101', 'เมืองสมุทรปราการ   ', 'Mueang Samut Prakan', 2, 2),
(53, '1102', 'บางบ่อ   ', 'Bang Bo', 2, 2),
(54, '1103', 'บางพลี   ', 'Bang Phli', 2, 2),
(55, '1104', 'พระประแดง   ', 'Phra Pradaeng', 2, 2),
(56, '1105', 'พระสมุทรเจดีย์   ', 'Phra Samut Chedi', 2, 2),
(57, '1106', 'บางเสาธง   ', 'Bang Sao Thong', 2, 2),
(58, '1201', 'เมืองนนทบุรี   ', 'Mueang Nonthaburi', 2, 3),
(59, '1202', 'บางกรวย   ', 'Bang Kruai', 2, 3),
(60, '1203', 'บางใหญ่   ', 'Bang Yai', 2, 3),
(61, '1204', 'บางบัวทอง   ', 'Bang Bua Thong', 2, 3),
(62, '1205', 'ไทรน้อย   ', 'Sai Noi', 2, 3),
(63, '1206', 'ปากเกร็ด   ', 'Pak Kret', 2, 3),
(64, '1251', 'เทศบาลนครนนทบุรี (สาขาแขวงท่าทราย)*   ', 'Tetsaban Nonthaburi', 2, 3),
(65, '1297', 'เทศบาลเมืองปากเกร็ด*   ', 'Tetsaban Pak Kret', 2, 3),
(66, '1301', 'เมืองปทุมธานี   ', 'Mueang Pathum Thani', 2, 4),
(67, '1302', 'คลองหลวง   ', 'Khlong Luang', 2, 4),
(68, '1303', 'ธัญบุรี   ', 'Thanyaburi', 2, 4),
(69, '1304', 'หนองเสือ   ', 'Nong Suea', 2, 4),
(70, '1305', 'ลาดหลุมแก้ว   ', 'Lat Lum Kaeo', 2, 4),
(71, '1306', 'ลำลูกกา   ', 'Lam Luk Ka', 2, 4),
(72, '1307', 'สามโคก   ', 'Sam Khok', 2, 4),
(73, '1351', 'ลำลูกกา (สาขาตำบลคูคต)*   ', 'Khlong Luang(Kukod)', 2, 4),
(74, '1401', 'พระนครศรีอยุธยา   ', 'Phra Nakhon Si Ayutthaya', 2, 5),
(75, '1402', 'ท่าเรือ   ', 'Tha Ruea', 2, 5),
(76, '1403', 'นครหลวง   ', 'Nakhon Luang', 2, 5),
(77, '1404', 'บางไทร   ', 'Bang Sai', 2, 5),
(78, '1405', 'บางบาล   ', 'Bang Ban', 2, 5),
(79, '1406', 'บางปะอิน   ', 'Bang Pa-in', 2, 5),
(80, '1407', 'บางปะหัน   ', 'Bang Pahan', 2, 5),
(81, '1408', 'ผักไห่   ', 'Phak Hai', 2, 5),
(82, '1409', 'ภาชี   ', 'Phachi', 2, 5),
(83, '1410', 'ลาดบัวหลวง   ', 'Lat Bua Luang', 2, 5),
(84, '1411', 'วังน้อย   ', 'Wang Noi', 2, 5),
(85, '1412', 'เสนา   ', 'Sena', 2, 5),
(86, '1413', 'บางซ้าย   ', 'Bang Sai', 2, 5),
(87, '1414', 'อุทัย   ', 'Uthai', 2, 5),
(88, '1415', 'มหาราช   ', 'Maha Rat', 2, 5),
(89, '1416', 'บ้านแพรก   ', 'Ban Phraek', 2, 5),
(90, '1501', 'เมืองอ่างทอง   ', 'Mueang Ang Thong', 2, 6),
(91, '1502', 'ไชโย   ', 'Chaiyo', 2, 6),
(92, '1503', 'ป่าโมก   ', 'Pa Mok', 2, 6),
(93, '1504', 'โพธิ์ทอง   ', 'Pho Thong', 2, 6),
(94, '1505', 'แสวงหา   ', 'Sawaeng Ha', 2, 6),
(95, '1506', 'วิเศษชัยชาญ   ', 'Wiset Chai Chan', 2, 6),
(96, '1507', 'สามโก้   ', 'Samko', 2, 6),
(97, '1601', 'เมืองลพบุรี   ', 'Mueang Lop Buri', 2, 7),
(98, '1602', 'พัฒนานิคม   ', 'Phatthana Nikhom', 2, 7),
(99, '1603', 'โคกสำโรง   ', 'Khok Samrong', 2, 7),
(100, '1604', 'ชัยบาดาล   ', 'Chai Badan', 2, 7),
(101, '1605', 'ท่าวุ้ง   ', 'Tha Wung', 2, 7),
(102, '1606', 'บ้านหมี่   ', 'Ban Mi', 2, 7),
(103, '1607', 'ท่าหลวง   ', 'Tha Luang', 2, 7),
(104, '1608', 'สระโบสถ์   ', 'Sa Bot', 2, 7),
(105, '1609', 'โคกเจริญ   ', 'Khok Charoen', 2, 7),
(106, '1610', 'ลำสนธิ   ', 'Lam Sonthi', 2, 7),
(107, '1611', 'หนองม่วง   ', 'Nong Muang', 2, 7),
(108, '1681', '*อ.บ้านเช่า  จ.ลพบุรี   ', '*Amphoe Ban Chao', 2, 7),
(109, '1701', 'เมืองสิงห์บุรี   ', 'Mueang Sing Buri', 2, 8),
(110, '1702', 'บางระจัน   ', 'Bang Rachan', 2, 8),
(111, '1703', 'ค่ายบางระจัน   ', 'Khai Bang Rachan', 2, 8),
(112, '1704', 'พรหมบุรี   ', 'Phrom Buri', 2, 8),
(113, '1705', 'ท่าช้าง   ', 'Tha Chang', 2, 8),
(114, '1706', 'อินทร์บุรี   ', 'In Buri', 2, 8),
(115, '1801', 'เมืองชัยนาท   ', 'Mueang Chai Nat', 2, 9),
(116, '1802', 'มโนรมย์   ', 'Manorom', 2, 9),
(117, '1803', 'วัดสิงห์   ', 'Wat Sing', 2, 9),
(118, '1804', 'สรรพยา   ', 'Sapphaya', 2, 9),
(119, '1805', 'สรรคบุรี   ', 'Sankhaburi', 2, 9),
(120, '1806', 'หันคา   ', 'Hankha', 2, 9),
(121, '1807', 'หนองมะโมง   ', 'Nong Mamong', 2, 9),
(122, '1808', 'เนินขาม   ', 'Noen Kham', 2, 9),
(123, '1901', 'เมืองสระบุรี   ', 'Mueang Saraburi', 2, 10),
(124, '1902', 'แก่งคอย   ', 'Kaeng Khoi', 2, 10),
(125, '1903', 'หนองแค   ', 'Nong Khae', 2, 10),
(126, '1904', 'วิหารแดง   ', 'Wihan Daeng', 2, 10),
(127, '1905', 'หนองแซง   ', 'Nong Saeng', 2, 10),
(128, '1906', 'บ้านหมอ   ', 'Ban Mo', 2, 10),
(129, '1907', 'ดอนพุด   ', 'Don Phut', 2, 10),
(130, '1908', 'หนองโดน   ', 'Nong Don', 2, 10),
(131, '1909', 'พระพุทธบาท   ', 'Phra Phutthabat', 2, 10),
(132, '1910', 'เสาไห้   ', 'Sao Hai', 2, 10),
(133, '1911', 'มวกเหล็ก   ', 'Muak Lek', 2, 10),
(134, '1912', 'วังม่วง   ', 'Wang Muang', 2, 10),
(135, '1913', 'เฉลิมพระเกียรติ   ', 'Chaloem Phra Kiat', 2, 10),
(136, '2001', 'เมืองชลบุรี   ', 'Mueang Chon Buri', 5, 11),
(137, '2002', 'บ้านบึง   ', 'Ban Bueng', 5, 11),
(138, '2003', 'หนองใหญ่   ', 'Nong Yai', 5, 11),
(139, '2004', 'บางละมุง   ', 'Bang Lamung', 5, 11),
(140, '2005', 'พานทอง   ', 'Phan Thong', 5, 11),
(141, '2006', 'พนัสนิคม   ', 'Phanat Nikhom', 5, 11),
(142, '2007', 'ศรีราชา   ', 'Si Racha', 5, 11),
(143, '2008', 'เกาะสีชัง   ', 'Ko Sichang', 5, 11),
(144, '2009', 'สัตหีบ   ', 'Sattahip', 5, 11),
(145, '2010', 'บ่อทอง   ', 'Bo Thong', 5, 11),
(146, '2011', 'เกาะจันทร์   ', 'Ko Chan', 5, 11),
(147, '2051', 'สัตหีบ (สาขาตำบลบางเสร่)*   ', 'Sattahip(Bang Sre)*', 5, 11),
(148, '2072', 'ท้องถิ่นเทศบาลเมืองหนองปรือ*   ', 'Tong Tin Tetsaban Mueang Nong Prue*', 5, 11),
(149, '2093', 'เทศบาลตำบลแหลมฉบัง*   ', 'Tetsaban Tambon Lamsabang*', 5, 11),
(150, '2099', 'เทศบาลเมืองชลบุรี*   ', 'Mueang Chon Buri', 5, 11),
(151, '2101', 'เมืองระยอง   ', 'Mueang Rayong', 5, 12),
(152, '2102', 'บ้านฉาง   ', 'Ban Chang', 5, 12),
(153, '2103', 'แกลง   ', 'Klaeng', 5, 12),
(154, '2104', 'วังจันทร์   ', 'Wang Chan', 5, 12),
(155, '2105', 'บ้านค่าย   ', 'Ban Khai', 5, 12),
(156, '2106', 'ปลวกแดง   ', 'Pluak Daeng', 5, 12),
(157, '2107', 'เขาชะเมา   ', 'Khao Chamao', 5, 12),
(158, '2108', 'นิคมพัฒนา   ', 'Nikhom Phatthana', 5, 12),
(159, '2151', 'สาขาตำบลมาบข่า*   ', 'Saka Tambon Mabka', 5, 12),
(160, '2201', 'เมืองจันทบุรี   ', 'Mueang Chanthaburi', 5, 13),
(161, '2202', 'ขลุง   ', 'Khlung', 5, 13),
(162, '2203', 'ท่าใหม่   ', 'Tha Mai', 5, 13),
(163, '2204', 'โป่งน้ำร้อน   ', 'Pong Nam Ron', 5, 13),
(164, '2205', 'มะขาม   ', 'Makham', 5, 13),
(165, '2206', 'แหลมสิงห์   ', 'Laem Sing', 5, 13),
(166, '2207', 'สอยดาว   ', 'Soi Dao', 5, 13),
(167, '2208', 'แก่งหางแมว   ', 'Kaeng Hang Maeo', 5, 13),
(168, '2209', 'นายายอาม   ', 'Na Yai Am', 5, 13),
(169, '2210', 'เขาคิชฌกูฏ   ', 'Khoa Khitchakut', 5, 13),
(170, '2281', '*กิ่ง อ.กำพุธ  จ.จันทบุรี   ', '*King Amphoe Kampud', 5, 13),
(171, '2301', 'เมืองตราด   ', 'Mueang Trat', 5, 14),
(172, '2302', 'คลองใหญ่   ', 'Khlong Yai', 5, 14),
(173, '2303', 'เขาสมิง   ', 'Khao Saming', 5, 14),
(174, '2304', 'บ่อไร่   ', 'Bo Rai', 5, 14),
(175, '2305', 'แหลมงอบ   ', 'Laem Ngop', 5, 14),
(176, '2306', 'เกาะกูด   ', 'Ko Kut', 5, 14),
(177, '2307', 'เกาะช้าง   ', 'Ko Chang', 5, 14),
(178, '2401', 'เมืองฉะเชิงเทรา   ', 'Mueang Chachoengsao', 5, 15),
(179, '2402', 'บางคล้า   ', 'Bang Khla', 5, 15),
(180, '2403', 'บางน้ำเปรี้ยว   ', 'Bang Nam Priao', 5, 15),
(181, '2404', 'บางปะกง   ', 'Bang Pakong', 5, 15),
(182, '2405', 'บ้านโพธิ์   ', 'Ban Pho', 5, 15),
(183, '2406', 'พนมสารคาม   ', 'Phanom Sarakham', 5, 15),
(184, '2407', 'ราชสาส์น   ', 'Ratchasan', 5, 15),
(185, '2408', 'สนามชัยเขต   ', 'Sanam Chai Khet', 5, 15),
(186, '2409', 'แปลงยาว   ', 'Plaeng Yao', 5, 15),
(187, '2410', 'ท่าตะเกียบ   ', 'Tha Takiap', 5, 15),
(188, '2411', 'คลองเขื่อน   ', 'Khlong Khuean', 5, 15),
(189, '2501', 'เมืองปราจีนบุรี   ', 'Mueang Prachin Buri', 5, 16),
(190, '2502', 'กบินทร์บุรี   ', 'Kabin Buri', 5, 16),
(191, '2503', 'นาดี   ', 'Na Di', 5, 16),
(192, '2504', '*สระแก้ว   ', 'Sa Kaeo', 5, 16),
(193, '2505', '*วังน้ำเย็น   ', 'Wang Nam Yen', 5, 16),
(194, '2506', 'บ้านสร้าง   ', 'Ban Sang', 5, 16),
(195, '2507', 'ประจันตคาม   ', 'Prachantakham', 5, 16),
(196, '2508', 'ศรีมหาโพธิ   ', 'Si Maha Phot', 5, 16),
(197, '2509', 'ศรีมโหสถ   ', 'Si Mahosot', 5, 16),
(198, '2510', '*อรัญประเทศ   ', 'Aranyaprathet', 5, 16),
(199, '2511', '*ตาพระยา   ', 'Ta Phraya', 5, 16),
(200, '2512', '*วัฒนานคร   ', 'Watthana Nakhon', 5, 16),
(201, '2513', '*คลองหาด   ', 'Khlong Hat', 5, 16),
(202, '2601', 'เมืองนครนายก   ', 'Mueang Nakhon Nayok', 2, 17),
(203, '2602', 'ปากพลี   ', 'Pak Phli', 2, 17),
(204, '2603', 'บ้านนา   ', 'Ban Na', 2, 17),
(205, '2604', 'องครักษ์   ', 'Ongkharak', 2, 17),
(206, '2701', 'เมืองสระแก้ว   ', 'Mueang Sa Kaeo', 5, 18),
(207, '2702', 'คลองหาด   ', 'Khlong Hat', 5, 18),
(208, '2703', 'ตาพระยา   ', 'Ta Phraya', 5, 18),
(209, '2704', 'วังน้ำเย็น   ', 'Wang Nam Yen', 5, 18),
(210, '2705', 'วัฒนานคร   ', 'Watthana Nakhon', 5, 18),
(211, '2706', 'อรัญประเทศ   ', 'Aranyaprathet', 5, 18),
(212, '2707', 'เขาฉกรรจ์   ', 'Khao Chakan', 5, 18),
(213, '2708', 'โคกสูง   ', 'Khok Sung', 5, 18),
(214, '2709', 'วังสมบูรณ์   ', 'Wang Sombun', 5, 18),
(215, '3001', 'เมืองนครราชสีมา   ', 'Mueang Nakhon Ratchasima', 3, 19),
(216, '3002', 'ครบุรี   ', 'Khon Buri', 3, 19),
(217, '3003', 'เสิงสาง   ', 'Soeng Sang', 3, 19),
(218, '3004', 'คง   ', 'Khong', 3, 19),
(219, '3005', 'บ้านเหลื่อม   ', 'Ban Lueam', 3, 19),
(220, '3006', 'จักราช   ', 'Chakkarat', 3, 19),
(221, '3007', 'โชคชัย   ', 'Chok Chai', 3, 19),
(222, '3008', 'ด่านขุนทด   ', 'Dan Khun Thot', 3, 19),
(223, '3009', 'โนนไทย   ', 'Non Thai', 3, 19),
(224, '3010', 'โนนสูง   ', 'Non Sung', 3, 19),
(225, '3011', 'ขามสะแกแสง   ', 'Kham Sakaesaeng', 3, 19),
(226, '3012', 'บัวใหญ่   ', 'Bua Yai', 3, 19),
(227, '3013', 'ประทาย   ', 'Prathai', 3, 19),
(228, '3014', 'ปักธงชัย   ', 'Pak Thong Chai', 3, 19),
(229, '3015', 'พิมาย   ', 'Phimai', 3, 19),
(230, '3016', 'ห้วยแถลง   ', 'Huai Thalaeng', 3, 19),
(231, '3017', 'ชุมพวง   ', 'Chum Phuang', 3, 19),
(232, '3018', 'สูงเนิน   ', 'Sung Noen', 3, 19),
(233, '3019', 'ขามทะเลสอ   ', 'Kham Thale So', 3, 19),
(234, '3020', 'สีคิ้ว   ', 'Sikhio', 3, 19),
(235, '3021', 'ปากช่อง   ', 'Pak Chong', 3, 19),
(236, '3022', 'หนองบุญมาก   ', 'Nong Bunnak', 3, 19),
(237, '3023', 'แก้งสนามนาง   ', 'Kaeng Sanam Nang', 3, 19),
(238, '3024', 'โนนแดง   ', 'Non Daeng', 3, 19),
(239, '3025', 'วังน้ำเขียว   ', 'Wang Nam Khiao', 3, 19),
(240, '3026', 'เทพารักษ์   ', 'Thepharak', 3, 19),
(241, '3027', 'เมืองยาง   ', 'Mueang Yang', 3, 19),
(242, '3028', 'พระทองคำ   ', 'Phra Thong Kham', 3, 19),
(243, '3029', 'ลำทะเมนชัย   ', 'Lam Thamenchai', 3, 19),
(244, '3030', 'บัวลาย   ', 'Bua Lai', 3, 19),
(245, '3031', 'สีดา   ', 'Sida', 3, 19),
(246, '3032', 'เฉลิมพระเกียรติ   ', 'Chaloem Phra Kiat', 3, 19),
(247, '3049', 'ท้องถิ่นเทศบาลตำบลโพธิ์กลาง*   ', 'Pho Krang', 3, 19),
(248, '3051', 'สาขาตำบลมะค่า-พลสงคราม*   ', 'Ma Ka-Pon Songkram*', 3, 19),
(249, '3081', '*โนนลาว   ', '*Non Lao', 3, 19),
(250, '3101', 'เมืองบุรีรัมย์   ', 'Mueang Buri Ram', 3, 20),
(251, '3102', 'คูเมือง   ', 'Khu Mueang', 3, 20),
(252, '3103', 'กระสัง', 'Krasang', 3, 20),
(253, '3104', 'นางรอง   ', 'Nang Rong', 3, 20),
(254, '3105', 'หนองกี่   ', 'Nong Ki', 3, 20),
(255, '3106', 'ละหานทราย   ', 'Lahan Sai', 3, 20),
(256, '3107', 'ประโคนชัย   ', 'Prakhon Chai', 3, 20),
(257, '3108', 'บ้านกรวด   ', 'Ban Kruat', 3, 20),
(258, '3109', 'พุทไธสง   ', 'Phutthaisong', 3, 20),
(259, '3110', 'ลำปลายมาศ   ', 'Lam Plai Mat', 3, 20),
(260, '3111', 'สตึก   ', 'Satuek', 3, 20),
(261, '3112', 'ปะคำ   ', 'Pakham', 3, 20),
(262, '3113', 'นาโพธิ์   ', 'Na Pho', 3, 20),
(263, '3114', 'หนองหงส์   ', 'Nong Hong', 3, 20),
(264, '3115', 'พลับพลาชัย   ', 'Phlapphla Chai', 3, 20),
(265, '3116', 'ห้วยราช   ', 'Huai Rat', 3, 20),
(266, '3117', 'โนนสุวรรณ   ', 'Non Suwan', 3, 20),
(267, '3118', 'ชำนิ   ', 'Chamni', 3, 20),
(268, '3119', 'บ้านใหม่ไชยพจน์   ', 'Ban Mai Chaiyaphot', 3, 20),
(269, '3120', 'โนนดินแดง   ', 'Din Daeng', 3, 20),
(270, '3121', 'บ้านด่าน   ', 'Ban Dan', 3, 20),
(271, '3122', 'แคนดง   ', 'Khaen Dong', 3, 20),
(272, '3123', 'เฉลิมพระเกียรติ   ', 'Chaloem Phra Kiat', 3, 20),
(273, '3201', 'เมืองสุรินทร์   ', 'Mueang Surin', 3, 21),
(274, '3202', 'ชุมพลบุรี   ', 'Chumphon Buri', 3, 21),
(275, '3203', 'ท่าตูม   ', 'Tha Tum', 3, 21),
(276, '3204', 'จอมพระ   ', 'Chom Phra', 3, 21),
(277, '3205', 'ปราสาท   ', 'Prasat', 3, 21),
(278, '3206', 'กาบเชิง   ', 'Kap Choeng', 3, 21),
(279, '3207', 'รัตนบุรี   ', 'Rattanaburi', 3, 21),
(280, '3208', 'สนม   ', 'Sanom', 3, 21),
(281, '3209', 'ศีขรภูมิ   ', 'Sikhoraphum', 3, 21),
(282, '3210', 'สังขะ   ', 'Sangkha', 3, 21),
(283, '3211', 'ลำดวน   ', 'Lamduan', 3, 21),
(284, '3212', 'สำโรงทาบ   ', 'Samrong Thap', 3, 21),
(285, '3213', 'บัวเชด   ', 'Buachet', 3, 21),
(286, '3214', 'พนมดงรัก   ', 'Phanom Dong Rak', 3, 21),
(287, '3215', 'ศรีณรงค์   ', 'Si Narong', 3, 21),
(288, '3216', 'เขวาสินรินทร์   ', 'Khwao Sinarin', 3, 21),
(289, '3217', 'โนนนารายณ์   ', 'Non Narai', 3, 21),
(290, '3301', 'เมืองศรีสะเกษ   ', 'Mueang Si Sa Ket', 3, 22),
(291, '3302', 'ยางชุมน้อย   ', 'Yang Chum Noi', 3, 22),
(292, '3303', 'กันทรารมย์   ', 'Kanthararom', 3, 22),
(293, '3304', 'กันทรลักษ์   ', 'Kantharalak', 3, 22),
(294, '3305', 'ขุขันธ์   ', 'Khukhan', 3, 22),
(295, '3306', 'ไพรบึง   ', 'Phrai Bueng', 3, 22),
(296, '3307', 'ปรางค์กู่   ', 'Prang Ku', 3, 22),
(297, '3308', 'ขุนหาญ   ', 'Khun Han', 3, 22),
(298, '3309', 'ราษีไศล   ', 'Rasi Salai', 3, 22),
(299, '3310', 'อุทุมพรพิสัย   ', 'Uthumphon Phisai', 3, 22),
(300, '3311', 'บึงบูรพ์   ', 'Bueng Bun', 3, 22),
(301, '3312', 'ห้วยทับทัน   ', 'Huai Thap Than', 3, 22),
(302, '3313', 'โนนคูณ   ', 'Non Khun', 3, 22),
(303, '3314', 'ศรีรัตนะ   ', 'Si Rattana', 3, 22),
(304, '3315', 'น้ำเกลี้ยง   ', 'Si Rattana', 3, 22),
(305, '3316', 'วังหิน   ', 'Wang Hin', 3, 22),
(306, '3317', 'ภูสิงห์   ', 'Phu Sing', 3, 22),
(307, '3318', 'เมืองจันทร์   ', 'Mueang Chan', 3, 22),
(308, '3319', 'เบญจลักษ์   ', 'Benchalak', 3, 22),
(309, '3320', 'พยุห์   ', 'Phayu', 3, 22),
(310, '3321', 'โพธิ์ศรีสุวรรณ   ', 'Pho Si Suwan', 3, 22),
(311, '3322', 'ศิลาลาด   ', 'Sila Lat', 3, 22),
(312, '3401', 'เมืองอุบลราชธานี   ', 'Mueang Ubon Ratchathani', 3, 23),
(313, '3402', 'ศรีเมืองใหม่   ', 'Si Mueang Mai', 3, 23),
(314, '3403', 'โขงเจียม   ', 'Khong Chiam', 3, 23),
(315, '3404', 'เขื่องใน   ', 'Khueang Nai', 3, 23),
(316, '3405', 'เขมราฐ   ', 'Khemarat', 3, 23),
(317, '3406', '*ชานุมาน   ', '*Shanuman', 3, 23),
(318, '3407', 'เดชอุดม   ', 'Det Udom', 3, 23),
(319, '3408', 'นาจะหลวย   ', 'Na Chaluai', 3, 23),
(320, '3409', 'น้ำยืน   ', 'Nam Yuen', 3, 23),
(321, '3410', 'บุณฑริก   ', 'Buntharik', 3, 23),
(322, '3411', 'ตระการพืชผล   ', 'Trakan Phuet Phon', 3, 23),
(323, '3412', 'กุดข้าวปุ้น   ', 'Kut Khaopun', 3, 23),
(324, '3413', '*พนา   ', '*Phana', 3, 23),
(325, '3414', 'ม่วงสามสิบ   ', 'Muang Sam Sip', 3, 23),
(326, '3415', 'วารินชำราบ   ', 'Warin Chamrap', 3, 23),
(327, '3416', '*อำนาจเจริญ   ', '*Amnat Charoen', 3, 23),
(328, '3417', '*เสนางคนิคม   ', '*Senangkhanikhom', 3, 23),
(329, '3418', '*หัวตะพาน   ', '*Hua Taphan', 3, 23),
(330, '3419', 'พิบูลมังสาหาร   ', 'Phibun Mangsahan', 3, 23),
(331, '3420', 'ตาลสุม   ', 'Tan Sum', 3, 23),
(332, '3421', 'โพธิ์ไทร   ', 'Pho Sai', 3, 23),
(333, '3422', 'สำโรง   ', 'Samrong', 3, 23),
(334, '3423', '*กิ่งอำเภอลืออำนาจ   ', '*King Amphoe Lue Amnat', 3, 23),
(335, '3424', 'ดอนมดแดง   ', 'Don Mot Daeng', 3, 23),
(336, '3425', 'สิรินธร   ', 'Sirindhorn', 3, 23),
(337, '3426', 'ทุ่งศรีอุดม   ', 'Thung Si Udom', 3, 23),
(338, '3427', '*ปทุมราชวงศา   ', '*Pathum Ratchawongsa', 3, 23),
(339, '3428', '*กิ่งอำเภอศรีหลักชัย   ', '*King Amphoe Sri Lunk Chai', 3, 23),
(340, '3429', 'นาเยีย   ', 'Na Yia', 3, 23),
(341, '3430', 'นาตาล   ', 'Na Tan', 3, 23),
(342, '3431', 'เหล่าเสือโก้ก   ', 'Lao Suea Kok', 3, 23),
(343, '3432', 'สว่างวีระวงศ์   ', 'Sawang Wirawong', 3, 23),
(344, '3433', 'น้ำขุ่น   ', 'Nam Khun', 3, 23),
(345, '3481', '*อ.สุวรรณวารี  จ.อุบลราชธานี   ', '*Suwan Wari', 3, 23),
(346, '3501', 'เมืองยโสธร   ', 'Mueang Yasothon', 3, 24),
(347, '3502', 'ทรายมูล   ', 'Sai Mun', 3, 24),
(348, '3503', 'กุดชุม   ', 'Kut Chum', 3, 24),
(349, '3504', 'คำเขื่อนแก้ว   ', 'Kham Khuean Kaeo', 3, 24),
(350, '3505', 'ป่าติ้ว   ', 'Pa Tio', 3, 24),
(351, '3506', 'มหาชนะชัย   ', 'Maha Chana Chai', 3, 24),
(352, '3507', 'ค้อวัง   ', 'Kho Wang', 3, 24),
(353, '3508', 'เลิงนกทา   ', 'Loeng Nok Tha', 3, 24),
(354, '3509', 'ไทยเจริญ   ', 'Thai Charoen', 3, 24),
(355, '3601', 'เมืองชัยภูมิ   ', 'Mueang Chaiyaphum', 3, 25),
(356, '3602', 'บ้านเขว้า   ', 'Ban Khwao', 3, 25),
(357, '3603', 'คอนสวรรค์   ', 'Khon Sawan', 3, 25),
(358, '3604', 'เกษตรสมบูรณ์   ', 'Kaset Sombun', 3, 25),
(359, '3605', 'หนองบัวแดง   ', 'Nong Bua Daeng', 3, 25),
(360, '3606', 'จัตุรัส   ', 'Chatturat', 3, 25),
(361, '3607', 'บำเหน็จณรงค์   ', 'Bamnet Narong', 3, 25),
(362, '3608', 'หนองบัวระเหว   ', 'Nong Bua Rawe', 3, 25),
(363, '3609', 'เทพสถิต   ', 'Thep Sathit', 3, 25),
(364, '3610', 'ภูเขียว   ', 'Phu Khiao', 3, 25),
(365, '3611', 'บ้านแท่น   ', 'Ban Thaen', 3, 25),
(366, '3612', 'แก้งคร้อ   ', 'Kaeng Khro', 3, 25),
(367, '3613', 'คอนสาร   ', 'Khon San', 3, 25),
(368, '3614', 'ภักดีชุมพล   ', 'Phakdi Chumphon', 3, 25),
(369, '3615', 'เนินสง่า   ', 'Noen Sa-nga', 3, 25),
(370, '3616', 'ซับใหญ่   ', 'Sap Yai', 3, 25),
(371, '3651', 'เมืองชัยภูมิ (สาขาตำบลโนนสำราญ)*   ', 'Mueang Chaiyaphum(Non Sumran)*', 3, 25),
(372, '3652', 'สาขาตำบลบ้านหว่าเฒ่า*   ', 'Ban Wha Tao*', 3, 25),
(373, '3653', 'หนองบัวแดง (สาขาตำบลวังชมภู)*   ', 'Nong Bua Daeng', 3, 25),
(374, '3654', 'กิ่งอำเภอซับใหญ่ (สาขาตำบลซับใหญ่)*   ', 'King Amphoe Sap Yai*', 3, 25),
(375, '3655', 'สาขาตำบลโคกเพชร*   ', 'Coke Phet*', 3, 25),
(376, '3656', 'เทพสถิต (สาขาตำบลนายางกลัก)*   ', 'Thep Sathit*', 3, 25),
(377, '3657', 'บ้านแท่น (สาขาตำบลบ้านเต่า)*   ', 'Ban Thaen', 3, 25),
(378, '3658', 'แก้งคร้อ (สาขาตำบลท่ามะไฟหวาน)*   ', 'Kaeng Khro*', 3, 25),
(379, '3659', 'คอนสาร (สาขาตำบลโนนคูณ)*   ', 'Khon San*', 3, 25),
(380, '3701', 'เมืองอำนาจเจริญ   ', 'Mueang Amnat Charoen', 3, 26),
(381, '3702', 'ชานุมาน   ', 'Chanuman', 3, 26),
(382, '3703', 'ปทุมราชวงศา   ', 'Pathum Ratchawongsa', 3, 26),
(383, '3704', 'พนา   ', 'Phana', 3, 26),
(384, '3705', 'เสนางคนิคม   ', 'Senangkhanikhom', 3, 26),
(385, '3706', 'หัวตะพาน   ', 'Hua Taphan', 3, 26),
(386, '3707', 'ลืออำนาจ   ', 'Lue Amnat', 3, 26),
(387, '3901', 'เมืองหนองบัวลำภู   ', 'Mueang Nong Bua Lam Phu', 3, 27),
(388, '3902', 'นากลาง   ', 'Na Klang', 3, 27),
(389, '3903', 'โนนสัง   ', 'Non Sang', 3, 27),
(390, '3904', 'ศรีบุญเรือง   ', 'Si Bun Rueang', 3, 27),
(391, '3905', 'สุวรรณคูหา   ', 'Suwannakhuha', 3, 27),
(392, '3906', 'นาวัง   ', 'Na Wang', 3, 27),
(393, '4001', 'เมืองขอนแก่น   ', 'Mueang Khon Kaen', 3, 28),
(394, '4002', 'บ้านฝาง   ', 'Ban Fang', 3, 28),
(395, '4003', 'พระยืน   ', 'Phra Yuen', 3, 28),
(396, '4004', 'หนองเรือ   ', 'Nong Ruea', 3, 28),
(397, '4005', 'ชุมแพ   ', 'Chum Phae', 3, 28),
(398, '4006', 'สีชมพู   ', 'Si Chomphu', 3, 28),
(399, '4007', 'น้ำพอง   ', 'Nam Phong', 3, 28),
(400, '4008', 'อุบลรัตน์   ', 'Ubolratana', 3, 28),
(401, '4009', 'กระนวน   ', 'Kranuan', 3, 28),
(402, '4010', 'บ้านไผ่   ', 'Ban Phai', 3, 28),
(403, '4011', 'เปือยน้อย   ', 'Pueai Noi', 3, 28),
(404, '4012', 'พล   ', 'Phon', 3, 28),
(405, '4013', 'แวงใหญ่   ', 'Waeng Yai', 3, 28),
(406, '4014', 'แวงน้อย   ', 'Waeng Noi', 3, 28),
(407, '4015', 'หนองสองห้อง   ', 'Nong Song Hong', 3, 28),
(408, '4016', 'ภูเวียง   ', 'Phu Wiang', 3, 28),
(409, '4017', 'มัญจาคีรี   ', 'Mancha Khiri', 3, 28),
(410, '4018', 'ชนบท   ', 'Chonnabot', 3, 28),
(411, '4019', 'เขาสวนกวาง   ', 'Khao Suan Kwang', 3, 28),
(412, '4020', 'ภูผาม่าน   ', 'Phu Pha Man', 3, 28),
(413, '4021', 'ซำสูง   ', 'Sam Sung', 3, 28),
(414, '4022', 'โคกโพธิ์ไชย   ', 'Khok Pho Chai', 3, 28),
(415, '4023', 'หนองนาคำ   ', 'Nong Na Kham', 3, 28),
(416, '4024', 'บ้านแฮด   ', 'Ban Haet', 3, 28),
(417, '4025', 'โนนศิลา   ', 'Non Sila', 3, 28),
(418, '4029', 'เวียงเก่า   ', 'Wiang Kao', 3, 28),
(419, '4068', 'ท้องถิ่นเทศบาลตำบลบ้านเป็ด*   ', 'Ban Pet*', 3, 28),
(420, '4098', 'เทศบาลตำบลเมืองพล*   ', 'Tet Saban Tambon Muang Phon*', 3, 28),
(421, '4101', 'เมืองอุดรธานี   ', 'Mueang Udon Thani', 3, 29),
(422, '4102', 'กุดจับ   ', 'Kut Chap', 3, 29),
(423, '4103', 'หนองวัวซอ   ', 'Nong Wua So', 3, 29),
(424, '4104', 'กุมภวาปี   ', 'Kumphawapi', 3, 29),
(425, '4105', 'โนนสะอาด   ', 'Non Sa-at', 3, 29),
(426, '4106', 'หนองหาน   ', 'Nong Han', 3, 29),
(427, '4107', 'ทุ่งฝน   ', 'Thung Fon', 3, 29),
(428, '4108', 'ไชยวาน   ', 'Chai Wan', 3, 29),
(429, '4109', 'ศรีธาตุ   ', 'Si That', 3, 29),
(430, '4110', 'วังสามหมอ   ', 'Wang Sam Mo', 3, 29),
(431, '4111', 'บ้านดุง   ', 'Ban Dung', 3, 29),
(432, '4112', '*หนองบัวลำภู   ', '*Nong Bua Lam Phu', 3, 29),
(433, '4113', '*ศรีบุญเรือง   ', '*Si Bun Rueang', 3, 29),
(434, '4114', '*นากลาง   ', '*Na Klang', 3, 29),
(435, '4115', '*สุวรรณคูหา   ', '*Suwannakhuha', 3, 29),
(436, '4116', '*โนนสัง   ', '*Non Sang', 3, 29),
(437, '4117', 'บ้านผือ   ', 'Ban Phue', 3, 29),
(438, '4118', 'น้ำโสม   ', 'Nam Som', 3, 29),
(439, '4119', 'เพ็ญ   ', 'Phen', 3, 29),
(440, '4120', 'สร้างคอม   ', 'Sang Khom', 3, 29),
(441, '4121', 'หนองแสง   ', 'Nong Saeng', 3, 29),
(442, '4122', 'นายูง   ', 'Na Yung', 3, 29),
(443, '4123', 'พิบูลย์รักษ์   ', 'Phibun Rak', 3, 29),
(444, '4124', 'กู่แก้ว   ', 'Ku Kaeo', 3, 29),
(445, '4125', 'ประจักษ์ศิลปาคม   ', 'rachak-sinlapakhom', 3, 29),
(446, '4201', 'เมืองเลย   ', 'Mueang Loei', 3, 30),
(447, '4202', 'นาด้วง   ', 'Na Duang', 3, 30),
(448, '4203', 'เชียงคาน   ', 'Chiang Khan', 3, 30),
(449, '4204', 'ปากชม   ', 'Pak Chom', 3, 30),
(450, '4205', 'ด่านซ้าย   ', 'Dan Sai', 3, 30),
(451, '4206', 'นาแห้ว   ', 'Na Haeo', 3, 30),
(452, '4207', 'ภูเรือ   ', 'Phu Ruea', 3, 30),
(453, '4208', 'ท่าลี่   ', 'Tha Li', 3, 30),
(454, '4209', 'วังสะพุง   ', 'Wang Saphung', 3, 30),
(455, '4210', 'ภูกระดึง   ', 'Phu Kradueng', 3, 30),
(456, '4211', 'ภูหลวง   ', 'Phu Luang', 3, 30),
(457, '4212', 'ผาขาว   ', 'Pha Khao', 3, 30),
(458, '4213', 'เอราวัณ   ', 'Erawan', 3, 30),
(459, '4214', 'หนองหิน   ', 'Nong Hin', 3, 30),
(460, '4301', 'เมืองหนองคาย   ', 'Mueang Nong Khai', 3, 31),
(461, '4302', 'ท่าบ่อ   ', 'Tha Bo', 3, 31),
(462, '4303', 'เมืองบึงกาฬ   ', 'Mueang Bueng Kan', 3, 97),
(463, '4304', 'พรเจริญ   ', 'Phon Charoen', 3, 97),
(464, '4305', 'โพนพิสัย   ', 'Phon Phisai', 3, 31),
(465, '4306', 'โซ่พิสัย   ', 'So Phisai', 3, 97),
(466, '4307', 'ศรีเชียงใหม่   ', 'Si Chiang Mai', 3, 31),
(467, '4308', 'สังคม   ', 'Sangkhom', 3, 31),
(468, '4309', 'เซกา   ', 'Seka', 3, 97),
(469, '4310', 'ปากคาด   ', 'Pak Khat', 3, 97),
(470, '4311', 'บึงโขงหลง   ', 'Bueng Khong Long', 3, 97),
(471, '4312', 'ศรีวิไล   ', 'Si Wilai', 3, 97),
(472, '4313', 'บุ่งคล้า   ', 'Bung Khla', 3, 97),
(473, '4314', 'สระใคร   ', 'Sakhrai', 3, 31),
(474, '4315', 'เฝ้าไร่   ', 'Fao Rai', 3, 31),
(475, '4316', 'รัตนวาปี   ', 'Rattanawapi', 3, 31),
(476, '4317', 'โพธิ์ตาก   ', 'Pho Tak', 3, 31),
(477, '4401', 'เมืองมหาสารคาม   ', 'Mueang Maha Sarakham', 3, 32),
(478, '4402', 'แกดำ   ', 'Kae Dam', 3, 32),
(479, '4403', 'โกสุมพิสัย   ', 'Kosum Phisai', 3, 32),
(480, '4404', 'กันทรวิชัย   ', 'Kantharawichai', 3, 32),
(481, '4405', 'เชียงยืน   ', 'Kantharawichai', 3, 32),
(482, '4406', 'บรบือ   ', 'Borabue', 3, 32),
(483, '4407', 'นาเชือก   ', 'Na Chueak', 3, 32),
(484, '4408', 'พยัคฆภูมิพิสัย   ', 'Phayakkhaphum Phisai', 3, 32),
(485, '4409', 'วาปีปทุม   ', 'Wapi Pathum', 3, 32),
(486, '4410', 'นาดูน   ', 'Na Dun', 3, 32),
(487, '4411', 'ยางสีสุราช   ', 'Yang Sisurat', 3, 32),
(488, '4412', 'กุดรัง   ', 'Kut Rang', 3, 32),
(489, '4413', 'ชื่นชม   ', 'Chuen Chom', 3, 32),
(490, '4481', '*หลุบ   ', '*Lub', 3, 32),
(491, '4501', 'เมืองร้อยเอ็ด   ', 'Mueang Roi Et', 3, 33),
(492, '4502', 'เกษตรวิสัย   ', 'Kaset Wisai', 3, 33),
(493, '4503', 'ปทุมรัตต์   ', 'Pathum Rat', 3, 33),
(494, '4504', 'จตุรพักตรพิมาน   ', 'Chaturaphak Phiman', 3, 33),
(495, '4505', 'ธวัชบุรี   ', 'Thawat Buri', 3, 33),
(496, '4506', 'พนมไพร   ', 'Phanom Phrai', 3, 33),
(497, '4507', 'โพนทอง   ', 'Phon Thong', 3, 33),
(498, '4508', 'โพธิ์ชัย   ', 'Pho Chai', 3, 33),
(499, '4509', 'หนองพอก   ', 'Nong Phok', 3, 33),
(500, '4510', 'เสลภูมิ   ', 'Selaphum', 3, 33),
(501, '4511', 'สุวรรณภูมิ   ', 'Suwannaphum', 3, 33),
(502, '4512', 'เมืองสรวง   ', 'Mueang Suang', 3, 33),
(503, '4513', 'โพนทราย   ', 'Phon Sai', 3, 33),
(504, '4514', 'อาจสามารถ   ', 'At Samat', 3, 33),
(505, '4515', 'เมยวดี   ', 'Moei Wadi', 3, 33),
(506, '4516', 'ศรีสมเด็จ   ', 'Si Somdet', 3, 33),
(507, '4517', 'จังหาร   ', 'Changhan', 3, 33),
(508, '4518', 'เชียงขวัญ   ', 'Chiang Khwan', 3, 33),
(509, '4519', 'หนองฮี   ', 'Nong Hi', 3, 33),
(510, '4520', 'ทุ่งเขาหลวง   ', 'Thung Khao Luangกิ่', 3, 33),
(511, '4601', 'เมืองกาฬสินธุ์   ', 'Mueang Kalasin', 3, 34),
(512, '4602', 'นามน   ', 'Na Mon', 3, 34),
(513, '4603', 'กมลาไสย   ', 'Kamalasai', 3, 34),
(514, '4604', 'ร่องคำ   ', 'Rong Kham', 3, 34),
(515, '4605', 'กุฉินารายณ์   ', 'Kuchinarai', 3, 34),
(516, '4606', 'เขาวง   ', 'Khao Wong', 3, 34),
(517, '4607', 'ยางตลาด   ', 'Yang Talat', 3, 34),
(518, '4608', 'ห้วยเม็ก   ', 'Huai Mek', 3, 34),
(519, '4609', 'สหัสขันธ์   ', 'Sahatsakhan', 3, 34),
(520, '4610', 'คำม่วง   ', 'Kham Muang', 3, 34),
(521, '4611', 'ท่าคันโท   ', 'Tha Khantho', 3, 34),
(522, '4612', 'หนองกุงศรี   ', 'Nong Kung Si', 3, 34),
(523, '4613', 'สมเด็จ   ', 'Somdet', 3, 34),
(524, '4614', 'ห้วยผึ้ง   ', 'Huai Phueng', 3, 34),
(525, '4615', 'สามชัย   ', 'Sam Chai', 3, 34),
(526, '4616', 'นาคู   ', 'Na Khu', 3, 34),
(527, '4617', 'ดอนจาน   ', 'Don Chan', 3, 34),
(528, '4618', 'ฆ้องชัย   ', 'Khong Chai', 3, 34),
(529, '4701', 'เมืองสกลนคร   ', 'Mueang Sakon Nakhon', 3, 35),
(530, '4702', 'กุสุมาลย์   ', 'Kusuman', 3, 35),
(531, '4703', 'กุดบาก   ', 'Kut Bak', 3, 35),
(532, '4704', 'พรรณานิคม   ', 'Phanna Nikhom', 3, 35),
(533, '4705', 'พังโคน   ', 'Phang Khon', 3, 35),
(534, '4706', 'วาริชภูมิ   ', 'Waritchaphum', 3, 35),
(535, '4707', 'นิคมน้ำอูน   ', 'Nikhom Nam Un', 3, 35),
(536, '4708', 'วานรนิวาส   ', 'Wanon Niwat', 3, 35),
(537, '4709', 'คำตากล้า   ', 'Kham Ta Kla', 3, 35),
(538, '4710', 'บ้านม่วง   ', 'Ban Muang', 3, 35),
(539, '4711', 'อากาศอำนวย   ', 'Akat Amnuai', 3, 35),
(540, '4712', 'สว่างแดนดิน   ', 'Sawang Daen Din', 3, 35),
(541, '4713', 'ส่องดาว   ', 'Song Dao', 3, 35),
(542, '4714', 'เต่างอย   ', 'Tao Ngoi', 3, 35),
(543, '4715', 'โคกศรีสุพรรณ   ', 'Khok Si Suphan', 3, 35),
(544, '4716', 'เจริญศิลป์   ', 'Charoen Sin', 3, 35),
(545, '4717', 'โพนนาแก้ว   ', 'Phon Na Kaeo', 3, 35),
(546, '4718', 'ภูพาน   ', 'Phu Phan', 3, 35),
(547, '4751', 'วานรนิวาส (สาขาตำบลกุดเรือคำ)*   ', 'Wanon Niwat', 3, 35),
(548, '4781', '*อ.บ้านหัน  จ.สกลนคร   ', '*Banhan', 3, 35),
(549, '4801', 'เมืองนครพนม   ', 'Mueang Nakhon Phanom', 3, 36),
(550, '4802', 'ปลาปาก   ', 'Pla Pak', 3, 36),
(551, '4803', 'ท่าอุเทน   ', 'Tha Uthen', 3, 36),
(552, '4804', 'บ้านแพง   ', 'Ban Phaeng', 3, 36),
(553, '4805', 'ธาตุพนม   ', 'That Phanom', 3, 36),
(554, '4806', 'เรณูนคร   ', 'Renu Nakhon', 3, 36),
(555, '4807', 'นาแก   ', 'Na Kae', 3, 36),
(556, '4808', 'ศรีสงคราม   ', 'Si Songkhram', 3, 36),
(557, '4809', 'นาหว้า   ', 'Na Wa', 3, 36),
(558, '4810', 'โพนสวรรค์   ', 'Phon Sawan', 3, 36),
(559, '4811', 'นาทม   ', 'Na Thom', 3, 36),
(560, '4812', 'วังยาง   ', 'Wang Yang', 3, 36),
(561, '4901', 'เมืองมุกดาหาร   ', 'Mueang Mukdahan', 3, 37),
(562, '4902', 'นิคมคำสร้อย   ', 'Nikhom Kham Soi', 3, 37),
(563, '4903', 'ดอนตาล   ', 'Don Tan', 3, 37),
(564, '4904', 'ดงหลวง   ', 'Dong Luang', 3, 37),
(565, '4905', 'คำชะอี   ', 'Khamcha-i', 3, 37),
(566, '4906', 'หว้านใหญ่   ', 'Wan Yai', 3, 37),
(567, '4907', 'หนองสูง   ', 'Nong Sung', 3, 37),
(568, '5001', 'เมืองเชียงใหม่   ', 'Mueang Chiang Mai', 1, 38),
(569, '5002', 'จอมทอง   ', 'Chom Thong', 1, 38),
(570, '5003', 'แม่แจ่ม   ', 'Mae Chaem', 1, 38),
(571, '5004', 'เชียงดาว   ', 'Chiang Dao', 1, 38),
(572, '5005', 'ดอยสะเก็ด   ', 'Doi Saket', 1, 38),
(573, '5006', 'แม่แตง   ', 'Mae Taeng', 1, 38),
(574, '5007', 'แม่ริม   ', 'Mae Rim', 1, 38),
(575, '5008', 'สะเมิง   ', 'Samoeng', 1, 38),
(576, '5009', 'ฝาง   ', 'Fang', 1, 38),
(577, '5010', 'แม่อาย   ', 'Mae Ai', 1, 38),
(578, '5011', 'พร้าว   ', 'Phrao', 1, 38),
(579, '5012', 'สันป่าตอง   ', 'San Pa Tong', 1, 38),
(580, '5013', 'สันกำแพง   ', 'San Kamphaeng', 1, 38),
(581, '5014', 'สันทราย   ', 'San Sai', 1, 38),
(582, '5015', 'หางดง   ', 'Hang Dong', 1, 38),
(583, '5016', 'ฮอด   ', 'Hot', 1, 38),
(584, '5017', 'ดอยเต่า   ', 'Doi Tao', 1, 38),
(585, '5018', 'อมก๋อย   ', 'Omkoi', 1, 38),
(586, '5019', 'สารภี   ', 'Saraphi', 1, 38),
(587, '5020', 'เวียงแหง   ', 'Wiang Haeng', 1, 38),
(588, '5021', 'ไชยปราการ   ', 'Chai Prakan', 1, 38),
(589, '5022', 'แม่วาง   ', 'Mae Wang', 1, 38),
(590, '5023', 'แม่ออน   ', 'Mae On', 1, 38),
(591, '5024', 'ดอยหล่อ   ', 'Doi Lo', 1, 38),
(592, '5051', 'เทศบาลนครเชียงใหม่ (สาขาแขวงกาลวิละ)*   ', 'Tet Saban Nakorn Chiangmai(Kan lawi la)*', 1, 38),
(593, '5052', 'เทศบาลนครเชียงใหม่ (สาขาแขวงศรีวิชั)*   ', 'Tet Saban Nakorn Chiangmai(Sri Wi)*', 1, 38),
(594, '5053', 'เทศบาลนครเชียงใหม่ (สาขาเม็งราย)*   ', 'Tet Saban Nakorn Chiangmai(Meng Rai)*', 1, 38),
(595, '5101', 'เมืองลำพูน   ', 'Mueang Lamphun', 1, 39),
(596, '5102', 'แม่ทา   ', 'Mae Tha', 1, 39),
(597, '5103', 'บ้านโฮ่ง   ', 'Ban Hong', 1, 39),
(598, '5104', 'ลี้   ', 'Li', 1, 39),
(599, '5105', 'ทุ่งหัวช้าง   ', 'Thung Hua Chang', 1, 39),
(600, '5106', 'ป่าซาง   ', 'Pa Sang', 1, 39),
(601, '5107', 'บ้านธิ   ', 'Ban Thi', 1, 39),
(602, '5108', 'เวียงหนองล่อง   ', 'Wiang Nong Long', 1, 39),
(603, '5201', 'เมืองลำปาง   ', 'Mueang Lampang', 1, 40),
(604, '5202', 'แม่เมาะ   ', 'Mae Mo', 1, 40),
(605, '5203', 'เกาะคา   ', 'Ko Kha', 1, 40),
(606, '5204', 'เสริมงาม   ', 'Soem Ngam', 1, 40),
(607, '5205', 'งาว   ', 'Ngao', 1, 40),
(608, '5206', 'แจ้ห่ม   ', 'Chae Hom', 1, 40),
(609, '5207', 'วังเหนือ   ', 'Wang Nuea', 1, 40),
(610, '5208', 'เถิน   ', 'Thoen', 1, 40),
(611, '5209', 'แม่พริก   ', 'Mae Phrik', 1, 40),
(612, '5210', 'แม่ทะ   ', 'Mae Tha', 1, 40),
(613, '5211', 'สบปราบ   ', 'Sop Prap', 1, 40),
(614, '5212', 'ห้างฉัตร   ', 'Hang Chat', 1, 40),
(615, '5213', 'เมืองปาน   ', 'Mueang Pan', 1, 40),
(616, '5301', 'เมืองอุตรดิตถ์   ', 'Mueang Uttaradit', 1, 41),
(617, '5302', 'ตรอน   ', 'Tron', 1, 41),
(618, '5303', 'ท่าปลา   ', 'Tha Pla', 1, 41),
(619, '5304', 'น้ำปาด   ', 'Nam Pat', 1, 41),
(620, '5305', 'ฟากท่า   ', 'Fak Tha', 1, 41),
(621, '5306', 'บ้านโคก   ', 'Ban Khok', 1, 41),
(622, '5307', 'พิชัย   ', 'Phichai', 1, 41),
(623, '5308', 'ลับแล   ', 'Laplae', 1, 41),
(624, '5309', 'ทองแสนขัน   ', 'Thong Saen Khan', 1, 41),
(625, '5401', 'เมืองแพร่   ', 'Mueang Phrae', 1, 42),
(626, '5402', 'ร้องกวาง   ', 'Rong Kwang', 1, 42),
(627, '5403', 'ลอง   ', 'Long', 1, 42),
(628, '5404', 'สูงเม่น   ', 'Sung Men', 1, 42),
(629, '5405', 'เด่นชัย   ', 'Den Chai', 1, 42),
(630, '5406', 'สอง   ', 'Song', 1, 42),
(631, '5407', 'วังชิ้น   ', 'Wang Chin', 1, 42),
(632, '5408', 'หนองม่วงไข่   ', 'Nong Muang Khai', 1, 42),
(633, '5501', 'เมืองน่าน   ', 'Mueang Nan', 1, 43),
(634, '5502', 'แม่จริม   ', 'Mae Charim', 1, 43),
(635, '5503', 'บ้านหลวง   ', 'Ban Luang', 1, 43),
(636, '5504', 'นาน้อย   ', 'Na Noi', 1, 43),
(637, '5505', 'ปัว   ', 'Pua', 1, 43),
(638, '5506', 'ท่าวังผา   ', 'Tha Wang Pha', 1, 43),
(639, '5507', 'เวียงสา   ', 'Wiang Sa', 1, 43),
(640, '5508', 'ทุ่งช้าง   ', 'Thung Chang', 1, 43),
(641, '5509', 'เชียงกลาง   ', 'Chiang Klang', 1, 43),
(642, '5510', 'นาหมื่น   ', 'Na Muen', 1, 43),
(643, '5511', 'สันติสุข   ', 'Santi Suk', 1, 43),
(644, '5512', 'บ่อเกลือ   ', 'Bo Kluea', 1, 43),
(645, '5513', 'สองแคว   ', 'Song Khwae', 1, 43),
(646, '5514', 'ภูเพียง   ', 'Phu Phiang', 1, 43),
(647, '5515', 'เฉลิมพระเกียรติ   ', 'Chaloem Phra Kiat', 1, 43),
(648, '5601', 'เมืองพะเยา   ', 'Mueang Phayao', 1, 44),
(649, '5602', 'จุน   ', 'Chun', 1, 44),
(650, '5603', 'เชียงคำ   ', 'Chiang Kham', 1, 44),
(651, '5604', 'เชียงม่วน   ', 'Chiang Muan', 1, 44),
(652, '5605', 'ดอกคำใต้   ', 'Dok Khamtai', 1, 44),
(653, '5606', 'ปง   ', 'Pong', 1, 44),
(654, '5607', 'แม่ใจ   ', 'Mae Chai', 1, 44),
(655, '5608', 'ภูซาง   ', 'Phu Sang', 1, 44),
(656, '5609', 'ภูกามยาว   ', 'Phu Kamyao', 1, 44),
(657, '5701', 'เมืองเชียงราย   ', 'Mueang Chiang Rai', 1, 45),
(658, '5702', 'เวียงชัย   ', 'Wiang Chai', 1, 45),
(659, '5703', 'เชียงของ   ', 'Chiang Khong', 1, 45),
(660, '5704', 'เทิง   ', 'Thoeng', 1, 45),
(661, '5705', 'พาน   ', 'Phan', 1, 45),
(662, '5706', 'ป่าแดด   ', 'Pa Daet', 1, 45),
(663, '5707', 'แม่จัน   ', 'Mae Chan', 1, 45),
(664, '5708', 'เชียงแสน   ', 'Chiang Saen', 1, 45),
(665, '5709', 'แม่สาย   ', 'Mae Sai', 1, 45),
(666, '5710', 'แม่สรวย   ', 'Mae Suai', 1, 45),
(667, '5711', 'เวียงป่าเป้า   ', 'Wiang Pa Pao', 1, 45),
(668, '5712', 'พญาเม็งราย   ', 'Phaya Mengrai', 1, 45),
(669, '5713', 'เวียงแก่น   ', 'Wiang Kaen', 1, 45),
(670, '5714', 'ขุนตาล   ', 'Khun Tan', 1, 45),
(671, '5715', 'แม่ฟ้าหลวง   ', 'Mae Fa Luang', 1, 45),
(672, '5716', 'แม่ลาว   ', 'Mae Lao', 1, 45),
(673, '5717', 'เวียงเชียงรุ้ง   ', 'Wiang Chiang Rung', 1, 45),
(674, '5718', 'ดอยหลวง   ', 'Doi Luang', 1, 45),
(675, '5801', 'เมืองแม่ฮ่องสอน   ', 'Mueang Mae Hong Son', 1, 46),
(676, '5802', 'ขุนยวม   ', 'Khun Yuam', 1, 46),
(677, '5803', 'ปาย   ', 'Pai', 1, 46),
(678, '5804', 'แม่สะเรียง   ', 'Mae Sariang', 1, 46),
(679, '5805', 'แม่ลาน้อย   ', 'Mae La Noi', 1, 46),
(680, '5806', 'สบเมย   ', 'Sop Moei', 1, 46),
(681, '5807', 'ปางมะผ้า   ', 'Pang Mapha', 1, 46),
(682, '5881', '*อ.ม่วยต่อ  จ.แม่ฮ่องสอน   ', 'Muen Tor', 1, 46),
(683, '6001', 'เมืองนครสวรรค์   ', 'Mueang Nakhon Sawan', 2, 47),
(684, '6002', 'โกรกพระ   ', 'Krok Phra', 2, 47),
(685, '6003', 'ชุมแสง   ', 'Chum Saeng', 2, 47),
(686, '6004', 'หนองบัว   ', 'Nong Bua', 2, 47),
(687, '6005', 'บรรพตพิสัย   ', 'Banphot Phisai', 2, 47),
(688, '6006', 'เก้าเลี้ยว   ', 'Kao Liao', 2, 47),
(689, '6007', 'ตาคลี   ', 'Takhli', 2, 47),
(690, '6008', 'ท่าตะโก   ', 'Takhli', 2, 47),
(691, '6009', 'ไพศาลี   ', 'Phaisali', 2, 47),
(692, '6010', 'พยุหะคีรี   ', 'Phayuha Khiri', 2, 47),
(693, '6011', 'ลาดยาว   ', 'Phayuha Khiri', 2, 47),
(694, '6012', 'ตากฟ้า   ', 'Tak Fa', 2, 47),
(695, '6013', 'แม่วงก์   ', 'Mae Wong', 2, 47),
(696, '6014', 'แม่เปิน   ', 'Mae Poen', 2, 47),
(697, '6015', 'ชุมตาบง   ', 'Chum Ta Bong', 2, 47),
(698, '6051', 'สาขาตำบลห้วยน้ำหอม*   ', 'Huen Nam Hom', 2, 47),
(699, '6052', 'กิ่งอำเภอชุมตาบง (สาขาตำบลชุมตาบง)*   ', 'Chum Ta Bong', 2, 47),
(700, '6053', 'แม่วงก์ (สาขาตำบลแม่เล่ย์)*   ', 'Mea Ley', 2, 47),
(701, '6101', 'เมืองอุทัยธานี   ', 'Mueang Uthai Thani', 2, 48),
(702, '6102', 'ทัพทัน   ', 'Thap Than', 2, 48),
(703, '6103', 'สว่างอารมณ์   ', 'Sawang Arom', 2, 48),
(704, '6104', 'หนองฉาง   ', 'Nong Chang', 2, 48),
(705, '6105', 'หนองขาหย่าง   ', 'Nong Khayang', 2, 48),
(706, '6106', 'บ้านไร่   ', 'Ban Rai', 2, 48),
(707, '6107', 'ลานสัก   ', 'Lan Sak', 2, 48),
(708, '6108', 'ห้วยคต   ', 'Huai Khot', 2, 48),
(709, '6201', 'เมืองกำแพงเพชร   ', 'Mueang Kamphaeng Phet', 2, 49),
(710, '6202', 'ไทรงาม   ', 'Sai Ngam', 2, 49),
(711, '6203', 'คลองลาน   ', 'Khlong Lan', 2, 49),
(712, '6204', 'ขาณุวรลักษบุรี   ', 'Khanu Woralaksaburi', 2, 49),
(713, '6205', 'คลองขลุง   ', 'Khlong Khlung', 2, 49),
(714, '6206', 'พรานกระต่าย   ', 'Phran Kratai', 2, 49),
(715, '6207', 'ลานกระบือ   ', 'Lan Krabue', 2, 49),
(716, '6208', 'ทรายทองวัฒนา   ', 'Sai Thong Watthana', 2, 49),
(717, '6209', 'ปางศิลาทอง   ', 'Pang Sila Thong', 2, 49),
(718, '6210', 'บึงสามัคคี   ', 'Bueng Samakkhi', 2, 49),
(719, '6211', 'โกสัมพีนคร   ', 'Kosamphi Nakhon', 2, 49),
(720, '6301', 'เมืองตาก   ', 'Mueang Tak', 4, 50),
(721, '6302', 'บ้านตาก   ', 'Ban Tak', 4, 50),
(722, '6303', 'สามเงา   ', 'Sam Ngao', 4, 50),
(723, '6304', 'แม่ระมาด   ', 'Mae Ramat', 4, 50),
(724, '6305', 'ท่าสองยาง   ', 'Tha Song Yang', 4, 50),
(725, '6306', 'แม่สอด   ', 'Mae Sot', 4, 50),
(726, '6307', 'พบพระ   ', 'Phop Phra', 4, 50),
(727, '6308', 'อุ้มผาง   ', 'Umphang', 4, 50),
(728, '6309', 'วังเจ้า   ', 'Wang Chao', 4, 50),
(729, '6381', '*กิ่ง อ.ท่าปุย  จ.ตาก   ', '*King Ta Pui', 4, 50),
(730, '6401', 'เมืองสุโขทัย   ', 'Mueang Sukhothai', 2, 51),
(731, '6402', 'บ้านด่านลานหอย   ', 'Ban Dan Lan Hoi', 2, 51),
(732, '6403', 'คีรีมาศ   ', 'Khiri Mat', 2, 51),
(733, '6404', 'กงไกรลาศ   ', 'Kong Krailat', 2, 51),
(734, '6405', 'ศรีสัชนาลัย   ', 'Si Satchanalai', 2, 51),
(735, '6406', 'ศรีสำโรง   ', 'Si Samrong', 2, 51),
(736, '6407', 'สวรรคโลก   ', 'Sawankhalok', 2, 51),
(737, '6408', 'ศรีนคร   ', 'Si Nakhon', 2, 51),
(738, '6409', 'ทุ่งเสลี่ยม   ', 'Thung Saliam', 2, 51),
(739, '6501', 'เมืองพิษณุโลก   ', 'Mueang Phitsanulok', 2, 52),
(740, '6502', 'นครไทย   ', 'Nakhon Thai', 2, 52),
(741, '6503', 'ชาติตระการ   ', 'Chat Trakan', 2, 52),
(742, '6504', 'บางระกำ   ', 'Bang Rakam', 2, 52),
(743, '6505', 'บางกระทุ่ม   ', 'Bang Krathum', 2, 52),
(744, '6506', 'พรหมพิราม   ', 'Phrom Phiram', 2, 52),
(745, '6507', 'วัดโบสถ์   ', 'Wat Bot', 2, 52),
(746, '6508', 'วังทอง   ', 'Wang Thong', 2, 52),
(747, '6509', 'เนินมะปราง   ', 'Noen Maprang', 2, 52),
(748, '6601', 'เมืองพิจิตร   ', 'Mueang Phichit', 2, 53),
(749, '6602', 'วังทรายพูน   ', 'Wang Sai Phun', 2, 53),
(750, '6603', 'โพธิ์ประทับช้าง   ', 'Pho Prathap Chang', 2, 53),
(751, '6604', 'ตะพานหิน   ', 'Taphan Hin', 2, 53),
(752, '6605', 'บางมูลนาก   ', 'Bang Mun Nak', 2, 53),
(753, '6606', 'โพทะเล   ', 'Pho Thale', 2, 53),
(754, '6607', 'สามง่าม   ', 'Sam Ngam', 2, 53),
(755, '6608', 'ทับคล้อ   ', 'Tap Khlo', 2, 53),
(756, '6609', 'สากเหล็ก   ', 'Sak Lek', 2, 53),
(757, '6610', 'บึงนาราง   ', 'Bueng Na Rang', 2, 53),
(758, '6611', 'ดงเจริญ   ', 'Dong Charoen', 2, 53),
(759, '6612', 'วชิรบารมี   ', 'Wachirabarami', 2, 53),
(760, '6701', 'เมืองเพชรบูรณ์   ', 'Mueang Phetchabun', 2, 54),
(761, '6702', 'ชนแดน   ', 'Chon Daen', 2, 54),
(762, '6703', 'หล่มสัก   ', 'Lom Sak', 2, 54),
(763, '6704', 'หล่มเก่า   ', 'Lom Kao', 2, 54),
(764, '6705', 'วิเชียรบุรี   ', 'Wichian Buri', 2, 54),
(765, '6706', 'ศรีเทพ   ', 'Si Thep', 2, 54),
(766, '6707', 'หนองไผ่   ', 'Nong Phai', 2, 54),
(767, '6708', 'บึงสามพัน   ', 'Bueng Sam Phan', 2, 54),
(768, '6709', 'น้ำหนาว   ', 'Nam Nao', 2, 54),
(769, '6710', 'วังโป่ง   ', 'Wang Pong', 2, 54),
(770, '6711', 'เขาค้อ   ', 'Khao Kho', 2, 54),
(771, '7001', 'เมืองราชบุรี   ', 'Mueang Ratchaburi', 4, 55),
(772, '7002', 'จอมบึง   ', 'Chom Bueng', 4, 55),
(773, '7003', 'สวนผึ้ง   ', 'Suan Phueng', 4, 55),
(774, '7004', 'ดำเนินสะดวก   ', 'Damnoen Saduak', 4, 55),
(775, '7005', 'บ้านโป่ง   ', 'Ban Pong', 4, 55),
(776, '7006', 'บางแพ   ', 'Bang Phae', 4, 55),
(777, '7007', 'โพธาราม   ', 'Photharam', 4, 55),
(778, '7008', 'ปากท่อ   ', 'Pak Tho', 4, 55),
(779, '7009', 'วัดเพลง   ', 'Wat Phleng', 4, 55),
(780, '7010', 'บ้านคา   ', 'Ban Kha', 4, 55),
(781, '7074', 'ท้องถิ่นเทศบาลตำบลบ้านฆ้อง   ', 'Tet Saban Ban Kong', 4, 55),
(782, '7101', 'เมืองกาญจนบุรี   ', 'Mueang Kanchanaburi', 4, 56),
(783, '7102', 'ไทรโยค   ', 'Sai Yok', 4, 56),
(784, '7103', 'บ่อพลอย   ', 'Bo Phloi', 4, 56),
(785, '7104', 'ศรีสวัสดิ์   ', 'Si Sawat', 4, 56),
(786, '7105', 'ท่ามะกา   ', 'Tha Maka', 4, 56),
(787, '7106', 'ท่าม่วง   ', 'Tha Muang', 4, 56),
(788, '7107', 'ทองผาภูมิ   ', 'Pha Phum', 4, 56),
(789, '7108', 'สังขละบุรี   ', 'Sangkhla Buri', 4, 56),
(790, '7109', 'พนมทวน   ', 'Phanom Thuan', 4, 56),
(791, '7110', 'เลาขวัญ   ', 'Lao Khwan', 4, 56),
(792, '7111', 'ด่านมะขามเตี้ย   ', 'Dan Makham Tia', 4, 56),
(793, '7112', 'หนองปรือ   ', 'Nong Prue', 4, 56),
(794, '7113', 'ห้วยกระเจา   ', 'Huai Krachao', 4, 56),
(795, '7151', 'สาขาตำบลท่ากระดาน*   ', 'Tha Kra Dan', 4, 56),
(796, '7181', '*บ้านทวน  จ.กาญจนบุรี   ', '*Ban Tuan', 4, 56),
(797, '7201', 'เมืองสุพรรณบุรี   ', 'Mueang Suphan Buri', 2, 57),
(798, '7202', 'เดิมบางนางบวช   ', 'Doem Bang Nang Buat', 2, 57),
(799, '7203', 'ด่านช้าง   ', 'Dan Chang', 2, 57),
(800, '7204', 'บางปลาม้า   ', 'Bang Pla Ma', 2, 57),
(801, '7205', 'ศรีประจันต์   ', 'Si Prachan', 2, 57),
(802, '7206', 'ดอนเจดีย์   ', 'Don Chedi', 2, 57),
(803, '7207', 'สองพี่น้อง   ', 'Song Phi Nong', 2, 57),
(804, '7208', 'สามชุก   ', 'Sam Chuk', 2, 57),
(805, '7209', 'อู่ทอง   ', 'U Thong', 2, 57),
(806, '7210', 'หนองหญ้าไซ   ', 'Nong Ya Sai', 2, 57),
(807, '7301', 'เมืองนครปฐม   ', 'Mueang Nakhon Pathom', 2, 58),
(808, '7302', 'กำแพงแสน   ', 'Kamphaeng Saen', 2, 58),
(809, '7303', 'นครชัยศรี   ', 'Nakhon Chai Si', 2, 58),
(810, '7304', 'ดอนตูม   ', 'Don Tum', 2, 58),
(811, '7305', 'บางเลน   ', 'Bang Len', 2, 58),
(812, '7306', 'สามพราน   ', 'Sam Phran', 2, 58),
(813, '7307', 'พุทธมณฑล   ', 'Phutthamonthon', 2, 58),
(814, '7401', 'เมืองสมุทรสาคร   ', 'Mueang Samut Sakhon', 2, 59),
(815, '7402', 'กระทุ่มแบน   ', 'Krathum Baen', 2, 59),
(816, '7403', 'บ้านแพ้ว   ', 'Ban Phaeo', 2, 59),
(817, '7501', 'เมืองสมุทรสงคราม   ', 'Mueang Samut Songkhram', 2, 60),
(818, '7502', 'บางคนที   ', 'Bang Khonthi', 2, 60),
(819, '7503', 'อัมพวา   ', 'Amphawa', 2, 60),
(820, '7601', 'เมืองเพชรบุรี   ', 'Mueang Phetchaburi', 4, 61),
(821, '7602', 'เขาย้อย   ', 'Khao Yoi', 4, 61),
(822, '7603', 'หนองหญ้าปล้อง   ', 'Nong Ya Plong', 4, 61),
(823, '7604', 'ชะอำ   ', 'Cha-am', 4, 61),
(824, '7605', 'ท่ายาง   ', 'Tha Yang', 4, 61),
(825, '7606', 'บ้านลาด   ', 'Ban Lat', 4, 61),
(826, '7607', 'บ้านแหลม   ', 'Ban Laem', 4, 61),
(827, '7608', 'แก่งกระจาน   ', 'Kaeng Krachan', 4, 61),
(828, '7701', 'เมืองประจวบคีรีขันธ์   ', 'Mueang Prachuap Khiri Khan', 4, 62),
(829, '7702', 'กุยบุรี   ', 'Kui Buri', 4, 62),
(830, '7703', 'ทับสะแก   ', 'Thap Sakae', 4, 62),
(831, '7704', 'บางสะพาน   ', 'Bang Saphan', 4, 62),
(832, '7705', 'บางสะพานน้อย   ', 'Bang Saphan Noi', 4, 62),
(833, '7706', 'ปราณบุรี   ', 'Pran Buri', 4, 62),
(834, '7707', 'หัวหิน   ', 'Hua Hin', 4, 62),
(835, '7708', 'สามร้อยยอด   ', 'Sam Roi Yot', 4, 62),
(836, '8001', 'เมืองนครศรีธรรมราช   ', 'Mueang Nakhon Si Thammarat', 6, 63),
(837, '8002', 'พรหมคีรี   ', 'Phrom Khiri', 6, 63),
(838, '8003', 'ลานสกา   ', 'Lan Saka', 6, 63),
(839, '8004', 'ฉวาง   ', 'Chawang', 6, 63),
(840, '8005', 'พิปูน   ', 'Phipun', 6, 63),
(841, '8006', 'เชียรใหญ่   ', 'Chian Yai', 6, 63),
(842, '8007', 'ชะอวด   ', 'Cha-uat', 6, 63),
(843, '8008', 'ท่าศาลา   ', 'Tha Sala', 6, 63),
(844, '8009', 'ทุ่งสง   ', 'Thung Song', 6, 63),
(845, '8010', 'นาบอน   ', 'Na Bon', 6, 63),
(846, '8011', 'ทุ่งใหญ่   ', 'Thung Yai', 6, 63),
(847, '8012', 'ปากพนัง   ', 'Pak Phanang', 6, 63),
(848, '8013', 'ร่อนพิบูลย์   ', 'Ron Phibun', 6, 63),
(849, '8014', 'สิชล   ', 'Sichon', 6, 63),
(850, '8015', 'ขนอม   ', 'Khanom', 6, 63),
(851, '8016', 'หัวไทร   ', 'Hua Sai', 6, 63),
(852, '8017', 'บางขัน   ', 'Bang Khan', 6, 63),
(853, '8018', 'ถ้ำพรรณรา   ', 'Tham Phannara', 6, 63),
(854, '8019', 'จุฬาภรณ์   ', 'Chulabhorn', 6, 63),
(855, '8020', 'พระพรหม   ', 'Phra Phrom', 6, 63),
(856, '8021', 'นบพิตำ   ', 'Nopphitam', 6, 63),
(857, '8022', 'ช้างกลาง   ', 'Chang Klang', 6, 63),
(858, '8023', 'เฉลิมพระเกียรติ   ', 'Chaloem Phra Kiat', 6, 63),
(859, '8051', 'เชียรใหญ่ (สาขาตำบลเสือหึง)*   ', 'Chian Yai*', 6, 63),
(860, '8052', 'สาขาตำบลสวนหลวง**   ', 'Suan Luang', 6, 63),
(861, '8053', 'ร่อนพิบูลย์ (สาขาตำบลหินตก)*   ', 'Ron Phibun', 6, 63),
(862, '8054', 'หัวไทร (สาขาตำบลควนชะลิก)*   ', 'Hua Sai', 6, 63),
(863, '8055', 'ทุ่งสง (สาขาตำบลกะปาง)*   ', 'Thung Song', 6, 63),
(864, '8101', 'เมืองกระบี่   ', 'Mueang Krabi', 6, 64),
(865, '8102', 'เขาพนม   ', 'Khao Phanom', 6, 64),
(866, '8103', 'เกาะลันตา   ', 'Ko Lanta', 6, 64),
(867, '8104', 'คลองท่อม   ', 'Khlong Thom', 6, 64),
(868, '8105', 'อ่าวลึก   ', 'Ao Luek', 6, 64),
(869, '8106', 'ปลายพระยา   ', 'Plai Phraya', 6, 64),
(870, '8107', 'ลำทับ   ', 'Lam Thap', 6, 64),
(871, '8108', 'เหนือคลอง   ', 'Nuea Khlong', 6, 64),
(872, '8201', 'เมืองพังงา   ', 'Mueang Phang-nga', 6, 65),
(873, '8202', 'เกาะยาว   ', 'Ko Yao', 6, 65),
(874, '8203', 'กะปง   ', 'Kapong', 6, 65),
(875, '8204', 'ตะกั่วทุ่ง   ', 'Takua Thung', 6, 65),
(876, '8205', 'ตะกั่วป่า   ', 'Takua Pa', 6, 65),
(877, '8206', 'คุระบุรี   ', 'Khura Buri', 6, 65),
(878, '8207', 'ทับปุด   ', 'Thap Put', 6, 65),
(879, '8208', 'ท้ายเหมือง   ', 'Thai Mueang', 6, 65),
(880, '8301', 'เมืองภูเก็ต   ', 'Mueang Phuket', 6, 66),
(881, '8302', 'กะทู้   ', 'Kathu', 6, 66),
(882, '8303', 'ถลาง   ', 'Thalang', 6, 66),
(883, '8381', '*ทุ่งคา   ', '*Tung Ka', 6, 66),
(884, '8401', 'เมืองสุราษฎร์ธานี   ', 'Mueang Surat Thani', 6, 67),
(885, '8402', 'กาญจนดิษฐ์   ', 'Kanchanadit', 6, 67),
(886, '8403', 'ดอนสัก   ', 'Don Sak', 6, 67),
(887, '8404', 'เกาะสมุย   ', 'Ko Samui', 6, 67),
(888, '8405', 'เกาะพะงัน   ', 'Ko Pha-ngan', 6, 67),
(889, '8406', 'ไชยา   ', 'Chaiya', 6, 67),
(890, '8407', 'ท่าชนะ   ', 'Tha Chana', 6, 67),
(891, '8408', 'คีรีรัฐนิคม   ', 'Khiri Rat Nikhom', 6, 67),
(892, '8409', 'บ้านตาขุน   ', 'Ban Ta Khun', 6, 67),
(893, '8410', 'พนม   ', 'Phanom', 6, 67),
(894, '8411', 'ท่าฉาง   ', 'Tha Chang', 6, 67),
(895, '8412', 'บ้านนาสาร   ', 'Ban Na San', 6, 67),
(896, '8413', 'บ้านนาเดิม   ', 'Ban Na Doem', 6, 67),
(897, '8414', 'เคียนซา   ', 'Khian Sa', 6, 67),
(898, '8415', 'เวียงสระ   ', 'Wiang Sa', 6, 67),
(899, '8416', 'พระแสง   ', 'Phrasaeng', 6, 67),
(900, '8417', 'พุนพิน   ', 'Phunphin', 6, 67),
(901, '8418', 'ชัยบุรี   ', 'Chai Buri', 6, 67),
(902, '8419', 'วิภาวดี   ', 'Vibhavadi', 6, 67),
(903, '8451', 'เกาะพงัน (สาขาตำบลเกาะเต่า)*   ', 'Ko Pha-ngan', 6, 67),
(904, '8481', '*อ.บ้านดอน  จ.สุราษฎร์ธานี   ', '*Ban Don', 6, 67),
(905, '8501', 'เมืองระนอง   ', 'Mueang Ranong', 6, 68),
(906, '8502', 'ละอุ่น   ', 'La-un', 6, 68),
(907, '8503', 'กะเปอร์   ', 'Kapoe', 6, 68),
(908, '8504', 'กระบุรี   ', 'Kra Buri', 6, 68),
(909, '8505', 'สุขสำราญ   ', 'Suk Samran', 6, 68),
(910, '8601', 'เมืองชุมพร   ', 'Mueang Chumphon', 6, 69),
(911, '8602', 'ท่าแซะ   ', 'Tha Sae', 6, 69),
(912, '8603', 'ปะทิว   ', 'Pathio', 6, 69),
(913, '8604', 'หลังสวน   ', 'Lang Suan', 6, 69),
(914, '8605', 'ละแม   ', 'Lamae', 6, 69),
(915, '8606', 'พะโต๊ะ   ', 'Phato', 6, 69),
(916, '8607', 'สวี   ', 'Sawi', 6, 69),
(917, '8608', 'ทุ่งตะโก   ', 'Thung Tako', 6, 69),
(918, '9001', 'เมืองสงขลา   ', 'Mueang Songkhla', 6, 70),
(919, '9002', 'สทิงพระ   ', 'Sathing Phra', 6, 70),
(920, '9003', 'จะนะ   ', 'Chana', 6, 70),
(921, '9004', 'นาทวี   ', 'Na Thawi', 6, 70),
(922, '9005', 'เทพา   ', 'Thepha', 6, 70),
(923, '9006', 'สะบ้าย้อย   ', 'Saba Yoi', 6, 70),
(924, '9007', 'ระโนด   ', 'Ranot', 6, 70),
(925, '9008', 'กระแสสินธุ์   ', 'Krasae Sin', 6, 70),
(926, '9009', 'รัตภูมิ   ', 'Rattaphum', 6, 70),
(927, '9010', 'สะเดา   ', 'Sadao', 6, 70),
(928, '9011', 'หาดใหญ่   ', 'Hat Yai', 6, 70),
(929, '9012', 'นาหม่อม   ', 'Na Mom', 6, 70),
(930, '9013', 'ควนเนียง   ', 'Khuan Niang', 6, 70),
(931, '9014', 'บางกล่ำ   ', 'Bang Klam', 6, 70),
(932, '9015', 'สิงหนคร   ', 'Singhanakhon', 6, 70),
(933, '9016', 'คลองหอยโข่ง   ', 'Khlong Hoi Khong', 6, 70),
(934, '9077', 'ท้องถิ่นเทศบาลตำบลสำนักขาม   ', 'Sum Nung Kam', 6, 70),
(935, '9096', 'เทศบาลตำบลบ้านพรุ*   ', 'Ban Pru*', 6, 70),
(936, '9101', 'เมืองสตูล   ', 'Mueang Satun', 6, 71),
(937, '9102', 'ควนโดน   ', 'Khuan Don', 6, 71),
(938, '9103', 'ควนกาหลง   ', 'Khuan Kalong', 6, 71),
(939, '9104', 'ท่าแพ   ', 'Tha Phae', 6, 71),
(940, '9105', 'ละงู   ', 'La-ngu', 6, 71),
(941, '9106', 'ทุ่งหว้า   ', 'Thung Wa', 6, 71),
(942, '9107', 'มะนัง   ', 'Manang', 6, 71),
(943, '9201', 'เมืองตรัง   ', 'Mueang Trang', 6, 72),
(944, '9202', 'กันตัง   ', 'Kantang', 6, 72),
(945, '9203', 'ย่านตาขาว   ', 'Yan Ta Khao', 6, 72),
(946, '9204', 'ปะเหลียน   ', 'Palian', 6, 72),
(947, '9205', 'สิเกา   ', 'Sikao', 6, 72),
(948, '9206', 'ห้วยยอด   ', 'Huai Yot', 6, 72),
(949, '9207', 'วังวิเศษ   ', 'Wang Wiset', 6, 72),
(950, '9208', 'นาโยง   ', 'Na Yong', 6, 72),
(951, '9209', 'รัษฎา   ', 'Ratsada', 6, 72),
(952, '9210', 'หาดสำราญ   ', 'Hat Samran', 6, 72),
(953, '9251', 'อำเภอเมืองตรัง(สาขาคลองเต็ง)**   ', 'Mueang Trang(Krong Teng)**', 6, 72),
(954, '9301', 'เมืองพัทลุง   ', 'Mueang Phatthalung', 6, 73),
(955, '9302', 'กงหรา   ', 'Kong Ra', 6, 73),
(956, '9303', 'เขาชัยสน   ', 'Khao Chaison', 6, 73),
(957, '9304', 'ตะโหมด   ', 'Tamot', 6, 73),
(958, '9305', 'ควนขนุน   ', 'Khuan Khanun', 6, 73),
(959, '9306', 'ปากพะยูน   ', 'Pak Phayun', 6, 73),
(960, '9307', 'ศรีบรรพต   ', 'Si Banphot', 6, 73),
(961, '9308', 'ป่าบอน   ', 'Pa Bon', 6, 73),
(962, '9309', 'บางแก้ว   ', 'Bang Kaeo', 6, 73),
(963, '9310', 'ป่าพะยอม   ', 'Pa Phayom', 6, 73),
(964, '9311', 'ศรีนครินทร์   ', 'Srinagarindra', 6, 73),
(965, '9401', 'เมืองปัตตานี   ', 'Mueang Pattani', 6, 74),
(966, '9402', 'โคกโพธิ์   ', 'Khok Pho', 6, 74),
(967, '9403', 'หนองจิก   ', 'Nong Chik', 6, 74),
(968, '9404', 'ปะนาเระ   ', 'Panare', 6, 74),
(969, '9405', 'มายอ   ', 'Mayo', 6, 74),
(970, '9406', 'ทุ่งยางแดง   ', 'Thung Yang Daeng', 6, 74),
(971, '9407', 'สายบุรี   ', 'Sai Buri', 6, 74),
(972, '9408', 'ไม้แก่น   ', 'Mai Kaen', 6, 74),
(973, '9409', 'ยะหริ่ง   ', 'Yaring', 6, 74),
(974, '9410', 'ยะรัง   ', 'Yarang', 6, 74),
(975, '9411', 'กะพ้อ   ', 'Kapho', 6, 74),
(976, '9412', 'แม่ลาน   ', 'Mae Lan', 6, 74),
(977, '9501', 'เมืองยะลา   ', 'Mueang Yala', 6, 75),
(978, '9502', 'เบตง   ', 'Betong', 6, 75),
(979, '9503', 'บันนังสตา   ', 'Bannang Sata', 6, 75),
(980, '9504', 'ธารโต   ', 'Than To', 6, 75),
(981, '9505', 'ยะหา   ', 'Yaha', 6, 75),
(982, '9506', 'รามัน   ', 'Raman', 6, 75),
(983, '9507', 'กาบัง   ', 'Kabang', 6, 75),
(984, '9508', 'กรงปินัง   ', 'Krong Pinang', 6, 75),
(985, '9601', 'เมืองนราธิวาส   ', 'Mueang Narathiwat', 6, 76),
(986, '9602', 'ตากใบ   ', 'Tak Bai', 6, 76),
(987, '9603', 'บาเจาะ   ', 'Bacho', 6, 76),
(988, '9604', 'ยี่งอ   ', 'Yi-ngo', 6, 76),
(989, '9605', 'ระแงะ   ', 'Ra-ngae', 6, 76),
(990, '9606', 'รือเสาะ   ', 'Rueso', 6, 76),
(991, '9607', 'ศรีสาคร   ', 'Si Sakhon', 6, 76);
INSERT INTO `amphur` (`id`, `code`, `name`, `name_english`, `geo_id`, `province_id`) VALUES
(992, '9608', 'แว้ง   ', 'Waeng', 6, 76),
(993, '9609', 'สุคิริน   ', 'Sukhirin', 6, 76),
(994, '9610', 'สุไหงโก-ลก   ', 'Su-ngai Kolok', 6, 76),
(995, '9611', 'สุไหงปาดี   ', 'Su-ngai Padi', 6, 76),
(996, '9612', 'จะแนะ   ', 'Chanae', 6, 76),
(997, '9613', 'เจาะไอร้อง   ', 'Cho-airong', 6, 76),
(998, '9681', '*อ.บางนรา  จ.นราธิวาส   ', '*Bang Nra', 6, 76);

-- --------------------------------------------------------

--
-- Table structure for table `attachment`
--

CREATE TABLE `attachment` (
  `id` int(11) NOT NULL,
  `created` datetime NOT NULL,
  `modified` timestamp NOT NULL,
  `owner` int(8) NOT NULL,
  `record_name` varchar(32) COLLATE utf8_unicode_ci NOT NULL,
  `record_document` int(8) NOT NULL,
  `attachment_type` int(4) NOT NULL,
  `file_dir` text COLLATE utf8_unicode_ci NOT NULL,
  `file_extension` varchar(8) COLLATE utf8_unicode_ci NOT NULL
) ENGINE=MyISAM DEFAULT CHARSET=utf8 COLLATE=utf8_unicode_ci;

--
-- Dumping data for table `attachment`
--

INSERT INTO `attachment` (`id`, `created`, `modified`, `owner`, `record_name`, `record_document`, `attachment_type`, `file_dir`, `file_extension`) VALUES
(1, '2017-01-19 01:50:16', '2017-01-18 18:50:16', 1, 'order_list', 3, 1, 'C:/wamp64/www/public/upload/attachment/1701180650-630859375.jpg', 'jpg');

-- --------------------------------------------------------

--
-- Table structure for table `attachment_type`
--

CREATE TABLE `attachment_type` (
  `id` int(11) NOT NULL,
  `created` datetime NOT NULL,
  `modified` timestamp NOT NULL,
  `owner` int(8) NOT NULL,
  `name` varchar(32) COLLATE utf8_unicode_ci NOT NULL,
  `description` text COLLATE utf8_unicode_ci NOT NULL
) ENGINE=MyISAM DEFAULT CHARSET=utf8 COLLATE=utf8_unicode_ci;

-- --------------------------------------------------------

--
-- Table structure for table `authentication`
--

CREATE TABLE `authentication` (
  `id` char(23) NOT NULL,
  `username` varchar(65) NOT NULL DEFAULT '',
  `password` varchar(65) NOT NULL DEFAULT '',
  `email` varchar(65) NOT NULL,
  `verified` tinyint(1) NOT NULL DEFAULT '0',
  `mod_timestamp` timestamp NOT NULL DEFAULT CURRENT_TIMESTAMP ON UPDATE CURRENT_TIMESTAMP,
  `employee_id` int(8) NOT NULL
) ENGINE=InnoDB DEFAULT CHARSET=utf8;

--
-- Dumping data for table `authentication`
--

INSERT INTO `authentication` (`id`, `username`, `password`, `email`, `verified`, `mod_timestamp`, `employee_id`) VALUES
('304158793b89c5d93', 'seasiri', '$2y$10$KzftQTbk.c6JvJx14KtLgOf.2u8yv2BovDhzANUHwZqV.D/Na2QIq', 'seawaykung@gmail.com', 1, '2017-01-15 08:17:31', 1);

-- --------------------------------------------------------

--
-- Table structure for table `db_reference`
--

CREATE TABLE `db_reference` (
  `id` int(11) NOT NULL,
  `created` datetime NOT NULL,
  `modified` timestamp NOT NULL,
  `owner` int(8) NOT NULL,
  `name` varchar(32) NOT NULL,
  `db_name` varchar(32) NOT NULL
) ENGINE=MyISAM DEFAULT CHARSET=latin1;

--
-- Dumping data for table `db_reference`
--

INSERT INTO `db_reference` (`id`, `created`, `modified`, `owner`, `name`, `db_name`) VALUES
(1, '2017-01-17 14:21:46', '2017-01-17 07:21:46', 1, 'agent', 'agent'),
(2, '2017-01-17 14:23:17', '2017-01-17 07:23:17', 1, 'order detail', 'order_detail'),
(3, '2017-01-17 14:23:33', '2017-01-17 07:23:33', 1, 'order detail status', 'order_detail_status'),
(4, '2017-01-17 14:24:16', '2017-01-17 07:24:16', 1, 'order list', 'order_list'),
(5, '2017-01-17 14:24:31', '2017-01-17 07:24:31', 1, 'order process status', 'order_process_status');

-- --------------------------------------------------------

--
-- Table structure for table `delivery`
--

CREATE TABLE `delivery` (
  `id` int(11) NOT NULL,
  `created` datetime NOT NULL,
  `modified` timestamp NOT NULL,
  `owner` int(8) NOT NULL,
  `delivery_number` int(16) NOT NULL,
  `driver` int(8) NOT NULL,
  `order_list_id` int(8) NOT NULL
) ENGINE=MyISAM DEFAULT CHARSET=utf8 COLLATE=utf8_unicode_ci;

-- --------------------------------------------------------

--
-- Table structure for table `delivery_log`
--

CREATE TABLE `delivery_log` (
  `id` int(11) NOT NULL,
  `created` datetime NOT NULL,
  `modified` timestamp NOT NULL,
  `owner` int(8) NOT NULL,
  `delivery_id` int(8) NOT NULL,
  `delivery_process_status_id` int(8) NOT NULL
) ENGINE=MyISAM DEFAULT CHARSET=utf8 COLLATE=utf8_unicode_ci;

-- --------------------------------------------------------

--
-- Table structure for table `delivery_process_status`
--

CREATE TABLE `delivery_process_status` (
  `id` int(11) NOT NULL,
  `created` datetime NOT NULL,
  `modified` timestamp NOT NULL,
  `owner` int(8) NOT NULL,
  `name` varchar(32) COLLATE utf8_unicode_ci NOT NULL,
  `description` text COLLATE utf8_unicode_ci NOT NULL
) ENGINE=MyISAM DEFAULT CHARSET=utf8 COLLATE=utf8_unicode_ci;

-- --------------------------------------------------------

--
-- Table structure for table `employee`
--

CREATE TABLE `employee` (
  `id` int(11) NOT NULL,
  `created` datetime NOT NULL,
  `modified` timestamp NOT NULL,
  `owner` int(8) NOT NULL,
  `name` varchar(64) COLLATE utf8_unicode_ci NOT NULL,
  `firstname_thai` varchar(32) COLLATE utf8_unicode_ci NOT NULL,
  `lastname_thai` varchar(32) COLLATE utf8_unicode_ci NOT NULL,
  `firstname_english` varchar(32) COLLATE utf8_unicode_ci NOT NULL,
  `lastname_english` varchar(32) COLLATE utf8_unicode_ci NOT NULL,
  `phone` varchar(32) COLLATE utf8_unicode_ci NOT NULL,
  `email` varchar(64) COLLATE utf8_unicode_ci NOT NULL,
  `salary` int(16) NOT NULL,
  `address` text COLLATE utf8_unicode_ci NOT NULL,
  `amphur_id` int(8) NOT NULL,
  `province_id` int(8) NOT NULL,
  `start_date` date NOT NULL,
  `join_date` date NOT NULL,
  `national_id` varchar(32) COLLATE utf8_unicode_ci NOT NULL,
  `bank_account` varchar(32) COLLATE utf8_unicode_ci NOT NULL
) ENGINE=MyISAM DEFAULT CHARSET=utf8 COLLATE=utf8_unicode_ci;

--
-- Dumping data for table `employee`
--

INSERT INTO `employee` (`id`, `created`, `modified`, `owner`, `name`, `firstname_thai`, `lastname_thai`, `firstname_english`, `lastname_english`, `phone`, `email`, `salary`, `address`, `amphur_id`, `province_id`, `start_date`, `join_date`, `national_id`, `bank_account`) VALUES
(1, '2017-01-15 11:46:49', '2017-01-15 04:46:49', 1, 'ซี', 'สิรภพ', 'ศิริศิลป์', 'Siraphop', 'Sirisilp', '0802689444', 'seawaykung@gmail.com', 10000, '52 ปรางค์สามยอด', 843, 7, '2017-01-15', '2017-01-15', '1101402029290', '');

-- --------------------------------------------------------

--
-- Table structure for table `job`
--

CREATE TABLE `job` (
  `id` int(11) NOT NULL,
  `created` datetime NOT NULL,
  `modified` timestamp NOT NULL,
  `owner` int(8) NOT NULL,
  `job_parent_id` int(4) NOT NULL,
  `name` varchar(64) COLLATE utf8_unicode_ci NOT NULL,
  `name_english` varchar(64) COLLATE utf8_unicode_ci NOT NULL,
  `description` text COLLATE utf8_unicode_ci NOT NULL
) ENGINE=MyISAM DEFAULT CHARSET=utf8 COLLATE=utf8_unicode_ci;

--
-- Dumping data for table `job`
--

INSERT INTO `job` (`id`, `created`, `modified`, `owner`, `job_parent_id`, `name`, `name_english`, `description`) VALUES
(1, '2017-01-15 11:35:32', '2017-01-15 04:35:32', 1, 1, 'root', 'root', 'root'),
(3, '2017-01-15 13:20:37', '2017-01-15 06:50:20', 7777, 6, 'แผนกจัดซื้อ', ' Purchasing Department', 'สามารถสั่งซื้อสินค้ามาได้ตรงตามเวลา และมีประสิทธิภาพในการควบคุมสินค้า ที่สั่งซื้อมา'),
(2, '2017-01-15 11:35:32', '2017-01-15 06:50:33', 1, 6, 'แผนกขาย', 'Sales Department', 'เพิ่มยอดขาย สร้างรายได้ให้แก่บริษัท เอาใจใส่ลูกค้า และบริการ ในยามคับขัน '),
(4, '2017-01-15 13:24:30', '2017-01-15 06:50:44', 7777, 6, 'แผนกคลังสินค้า', 'Warehouse Department', 'ดูแล รักษาสภาพโกดังเก็บของ และสินค้านั้นๆ มีการดูแลตรวจสภาพสินค้า และจำนวนสินค้า สามารถบ่งชี้ปัญหาของขาดและเกินสต็อค มีความรักและห่วงใยในการทำงาน'),
(5, '2017-01-15 13:29:36', '2017-01-15 06:50:53', 7777, 6, 'แผนกการตลาด', 'Marketing Department', 'ออกสำรวจตลาด เพื่อ เพิ่มช่องทาง ในการขาย ขยายภาพลักษณ์ของบริษัท เข้าใจและรับรู้วสิ่งที่ผู้บริโภคนั้นต้องการ  ใส่ใจทุกรายละเอียดของลูกค้าในเชิงความรู้สึก'),
(6, '2017-01-15 13:35:17', '2017-01-15 06:50:10', 7777, 10, 'แผนกบุคคล', '็Human Resource Manager', 'สามารถเป็นตัวเชื่อมให้กับ บุคคลากรของบริษัททุกท่านด้วยใจเป็นกลาง ผ่านความชัดเจน และ ร่มเย็น ตรวจสอบและดูแลข้อเท็จจริงของบุคคลากร สามารถหาบุคคลากรใหม่ เมื่อขาดแคลยนโดยคำนึงถึงประสิทธิภาพใน สายงาน และ ผลงาน'),
(7, '2017-01-15 13:37:38', '2017-01-15 06:51:08', 7777, 6, 'แผนกจัดส่ง', 'Shipping Department', 'ส่งปลอดภัย ตรงเวลา และ แน่วแน่ หมั่นดูแลเอาใจใส่ยานพาหนะ และ พักผ่อนอย่างเพียงพอ'),
(8, '2017-01-15 13:41:12', '2017-01-15 06:51:20', 7777, 6, 'แผนกบัญชีการเงิน', ' Financial Accountant', 'ตรวจสอบความเป็นมาของเงิน และบันทึก ได้อย่างมีประสิทธิภาพ สามารถทำรายงาน วิเคราะห์ เชิงลึก เพื่อเป็นแนวทางและข้อมูลให้แก่ผู้บริหารได้ รับผิดชอบและซื่อสัตย์'),
(9, '2017-01-15 13:46:35', '2017-01-15 06:46:35', 7777, 1, 'ประธานกรรมการบริหาร ', 'Chief Executive Officer', ''),
(10, '2017-01-15 13:49:46', '2017-01-15 06:49:46', 7777, 9, ' ประธานเจ้าหน้าที่บริหาร', 'Chief Executive Officer', '');

-- --------------------------------------------------------

--
-- Table structure for table `job_log`
--

CREATE TABLE `job_log` (
  `id` int(11) NOT NULL,
  `created` datetime NOT NULL,
  `modified` timestamp NOT NULL,
  `owner` int(8) NOT NULL,
  `job_id` int(8) NOT NULL,
  `employee_id` int(8) NOT NULL,
  `job_log_status_id` int(8) NOT NULL
) ENGINE=MyISAM DEFAULT CHARSET=utf8 COLLATE=utf8_unicode_ci;

--
-- Dumping data for table `job_log`
--

INSERT INTO `job_log` (`id`, `created`, `modified`, `owner`, `job_id`, `employee_id`, `job_log_status_id`) VALUES
(1, '2017-01-10 15:16:02', '2017-01-15 08:16:02', 1, 2, 1, 1),
(2, '2017-01-15 15:16:02', '2017-01-15 09:30:29', 1, 2, 1, 3),
(3, '2017-01-16 00:20:47', '2017-01-15 09:35:15', 1, 4, 1, 1),
(5, '2017-01-15 15:16:02', '2017-01-15 17:31:52', 1, 2, 1, 1),
(7, '2017-01-15 15:16:02', '2017-01-17 10:00:20', 1, 2, 1, 1);

-- --------------------------------------------------------

--
-- Table structure for table `job_log_status`
--

CREATE TABLE `job_log_status` (
  `id` int(11) NOT NULL,
  `created` datetime NOT NULL,
  `modified` timestamp NOT NULL,
  `owner` int(8) NOT NULL,
  `name` varchar(32) COLLATE utf8_unicode_ci NOT NULL,
  `description` text COLLATE utf8_unicode_ci NOT NULL,
  `boolean` int(1) NOT NULL
) ENGINE=MyISAM DEFAULT CHARSET=utf8 COLLATE=utf8_unicode_ci;

--
-- Dumping data for table `job_log_status`
--

INSERT INTO `job_log_status` (`id`, `created`, `modified`, `owner`, `name`, `description`, `boolean`) VALUES
(1, '2017-01-15 11:39:55', '2017-01-15 04:39:55', 1, 'HIRE', 'รับหน้าที่', 1),
(2, '2017-01-15 11:40:40', '2017-01-15 04:40:40', 1, 'FIRE', 'ไล่ออก', 0),
(3, '2017-01-15 11:40:49', '2017-01-15 04:43:00', 1, 'RESIGN', 'ลาออก', 0),
(4, '2017-01-15 11:41:24', '2017-01-15 04:41:24', 1, 'DETENTION', 'พักงาน', 0);

-- --------------------------------------------------------

--
-- Table structure for table `loginattempts`
--

CREATE TABLE `loginattempts` (
  `IP` varchar(20) NOT NULL,
  `Attempts` int(11) NOT NULL,
  `LastLogin` datetime NOT NULL,
  `Username` varchar(65) DEFAULT NULL,
  `ID` int(11) NOT NULL
) ENGINE=InnoDB DEFAULT CHARSET=utf8;

--
-- Dumping data for table `loginattempts`
--

INSERT INTO `loginattempts` (`IP`, `Attempts`, `LastLogin`, `Username`, `ID`) VALUES
('127.0.0.1', 1, '2017-01-14 18:04:01', 'seasiri', 1),
('127.0.0.1', 3, '2017-01-15 03:33:46', 'sea', 2),
('::1', 1, '2017-01-18 20:11:28', 'seasiri', 3);

-- --------------------------------------------------------

--
-- Table structure for table `note`
--

CREATE TABLE `note` (
  `id` int(11) NOT NULL,
  `created` datetime NOT NULL,
  `modified` timestamp NOT NULL,
  `owner` int(8) NOT NULL,
  `title` text COLLATE utf8_unicode_ci NOT NULL,
  `body` text COLLATE utf8_unicode_ci NOT NULL,
  `employee_id_from` int(8) NOT NULL,
  `employee_id_to` int(8) NOT NULL
) ENGINE=MyISAM DEFAULT CHARSET=utf8 COLLATE=utf8_unicode_ci;

-- --------------------------------------------------------

--
-- Table structure for table `note_type`
--

CREATE TABLE `note_type` (
  `id` int(11) NOT NULL,
  `created` datetime NOT NULL,
  `modified` timestamp NOT NULL,
  `owner` int(8) NOT NULL,
  `note_type_parent_id` int(8) NOT NULL,
  `name` varchar(32) COLLATE utf8_unicode_ci NOT NULL,
  `description` text COLLATE utf8_unicode_ci NOT NULL
) ENGINE=MyISAM DEFAULT CHARSET=utf8 COLLATE=utf8_unicode_ci;

-- --------------------------------------------------------

--
-- Table structure for table `order_detail`
--

CREATE TABLE `order_detail` (
  `id` int(11) NOT NULL,
  `created` datetime NOT NULL,
  `modified` timestamp NOT NULL,
  `owner` int(11) NOT NULL,
  `order_list_id` int(8) NOT NULL,
  `product_id` int(8) NOT NULL,
  `quantity` int(16) NOT NULL,
  `price` decimal(13,2) DEFAULT NULL,
  `order_detail_status_id` int(8) NOT NULL
) ENGINE=MyISAM DEFAULT CHARSET=utf8 COLLATE=utf8_unicode_ci;

--
-- Dumping data for table `order_detail`
--

INSERT INTO `order_detail` (`id`, `created`, `modified`, `owner`, `order_list_id`, `product_id`, `quantity`, `price`, `order_detail_status_id`) VALUES
(1, '2017-01-19 01:54:34', '2017-01-18 18:54:34', 1, 1, 1, 12, '30.00', 1);

-- --------------------------------------------------------

--
-- Table structure for table `order_detail_status`
--

CREATE TABLE `order_detail_status` (
  `id` int(11) NOT NULL,
  `created` datetime NOT NULL,
  `modified` timestamp NOT NULL,
  `owner` int(8) NOT NULL,
  `name` varchar(32) COLLATE utf8_unicode_ci NOT NULL,
  `description` text COLLATE utf8_unicode_ci NOT NULL,
  `boolean` int(1) NOT NULL
) ENGINE=MyISAM DEFAULT CHARSET=utf8 COLLATE=utf8_unicode_ci;

--
-- Dumping data for table `order_detail_status`
--

INSERT INTO `order_detail_status` (`id`, `created`, `modified`, `owner`, `name`, `description`, `boolean`) VALUES
(1, '2017-01-19 01:02:40', '2017-01-18 18:02:40', 1, 'ADD', 'ADD', 1);

-- --------------------------------------------------------

--
-- Table structure for table `order_list`
--

CREATE TABLE `order_list` (
  `id` int(11) NOT NULL,
  `created` datetime NOT NULL,
  `modified` timestamp NOT NULL,
  `owner` int(8) NOT NULL,
  `agent_id` int(8) NOT NULL,
  `name` varchar(32) COLLATE utf8_unicode_ci NOT NULL COMMENT 'po_number'
) ENGINE=MyISAM DEFAULT CHARSET=utf8 COLLATE=utf8_unicode_ci;

--
-- Dumping data for table `order_list`
--

INSERT INTO `order_list` (`id`, `created`, `modified`, `owner`, `agent_id`, `name`) VALUES
(1, '2017-01-19 01:32:42', '2017-01-18 18:32:42', 1, 1, '24242'),
(2, '2017-01-19 01:48:08', '2017-01-18 18:48:08', 1, 1, '1241'),
(3, '2017-01-19 01:50:16', '2017-01-18 18:50:16', 1, 1, '2424'),
(4, '2017-01-19 03:11:41', '2017-01-18 20:11:41', 1, 1, '2');

-- --------------------------------------------------------

--
-- Table structure for table `order_log`
--

CREATE TABLE `order_log` (
  `id` int(11) NOT NULL,
  `created` datetime NOT NULL,
  `modified` timestamp NOT NULL,
  `owner` int(8) NOT NULL,
  `order_list_id` int(8) NOT NULL,
  `order_process_status_id` int(8) NOT NULL
) ENGINE=MyISAM DEFAULT CHARSET=utf8 COLLATE=utf8_unicode_ci;

-- --------------------------------------------------------

--
-- Table structure for table `order_process_status`
--

CREATE TABLE `order_process_status` (
  `id` int(11) NOT NULL,
  `created` datetime NOT NULL,
  `modified` timestamp NOT NULL,
  `owner` int(8) NOT NULL,
  `name` varchar(32) COLLATE utf8_unicode_ci NOT NULL,
  `description` text COLLATE utf8_unicode_ci NOT NULL,
  `boolean` int(1) NOT NULL
) ENGINE=MyISAM DEFAULT CHARSET=utf8 COLLATE=utf8_unicode_ci;

-- --------------------------------------------------------

--
-- Table structure for table `product`
--

CREATE TABLE `product` (
  `id` int(11) NOT NULL,
  `created` datetime NOT NULL,
  `modified` timestamp NOT NULL,
  `owner` int(8) NOT NULL,
  `supplier_id` int(8) NOT NULL,
  `product_catagories_id` int(8) NOT NULL,
  `product_status_id` int(8) NOT NULL,
  `name` varchar(32) COLLATE utf8_unicode_ci NOT NULL,
  `name_english` varchar(32) COLLATE utf8_unicode_ci NOT NULL,
  `short_description` text COLLATE utf8_unicode_ci NOT NULL,
  `long_description` text COLLATE utf8_unicode_ci NOT NULL,
  `barcode` varchar(32) COLLATE utf8_unicode_ci NOT NULL
) ENGINE=MyISAM DEFAULT CHARSET=utf8 COLLATE=utf8_unicode_ci;

--
-- Dumping data for table `product`
--

INSERT INTO `product` (`id`, `created`, `modified`, `owner`, `supplier_id`, `product_catagories_id`, `product_status_id`, `name`, `name_english`, `short_description`, `long_description`, `barcode`) VALUES
(1, '2017-01-19 01:01:58', '2017-01-18 18:01:58', 1, 1, 1, 1, 'B4023', 'B4023', '', '', '');

-- --------------------------------------------------------

--
-- Table structure for table `product_attribute`
--

CREATE TABLE `product_attribute` (
  `id` int(11) NOT NULL,
  `created` datetime NOT NULL,
  `modified` timestamp NOT NULL,
  `owner` int(8) NOT NULL,
  `name` varchar(32) COLLATE utf8_unicode_ci NOT NULL,
  `description` text COLLATE utf8_unicode_ci NOT NULL
) ENGINE=MyISAM DEFAULT CHARSET=utf8 COLLATE=utf8_unicode_ci;

-- --------------------------------------------------------

--
-- Table structure for table `product_attribute_value`
--

CREATE TABLE `product_attribute_value` (
  `id` int(11) NOT NULL,
  `created` datetime NOT NULL,
  `modified` timestamp NOT NULL,
  `owner` int(8) NOT NULL,
  `product_id` int(8) NOT NULL,
  `product_attribute_id` int(8) NOT NULL,
  `value` varchar(64) COLLATE utf8_unicode_ci NOT NULL,
  `unit_thai` varchar(16) COLLATE utf8_unicode_ci NOT NULL,
  `unit_english` varchar(16) COLLATE utf8_unicode_ci NOT NULL
) ENGINE=MyISAM DEFAULT CHARSET=utf8 COLLATE=utf8_unicode_ci;

-- --------------------------------------------------------

--
-- Table structure for table `product_catagories`
--

CREATE TABLE `product_catagories` (
  `id` int(11) NOT NULL,
  `created` datetime NOT NULL,
  `modified` timestamp NOT NULL,
  `owner` int(8) NOT NULL,
  `product_catagories_parent_id` int(11) NOT NULL,
  `name` varchar(64) COLLATE utf8_unicode_ci NOT NULL,
  `name_english` varchar(64) COLLATE utf8_unicode_ci NOT NULL
) ENGINE=MyISAM DEFAULT CHARSET=utf8 COLLATE=utf8_unicode_ci;

--
-- Dumping data for table `product_catagories`
--

INSERT INTO `product_catagories` (`id`, `created`, `modified`, `owner`, `product_catagories_parent_id`, `name`, `name_english`) VALUES
(1, '2017-01-19 01:00:35', '2017-01-18 18:00:35', 1, 1, 'root', 'root');

-- --------------------------------------------------------

--
-- Table structure for table `product_status`
--

CREATE TABLE `product_status` (
  `id` int(11) NOT NULL,
  `created` datetime NOT NULL,
  `modified` timestamp NOT NULL,
  `owner` int(8) NOT NULL,
  `name` varchar(32) COLLATE utf8_unicode_ci NOT NULL,
  `description` text COLLATE utf8_unicode_ci NOT NULL,
  `boolean` int(1) NOT NULL
) ENGINE=MyISAM DEFAULT CHARSET=utf8 COLLATE=utf8_unicode_ci;

--
-- Dumping data for table `product_status`
--

INSERT INTO `product_status` (`id`, `created`, `modified`, `owner`, `name`, `description`, `boolean`) VALUES
(1, '2017-01-19 01:01:32', '2017-01-18 18:01:32', 1, 'ACTIVE', 'ACTIVE', 1);

-- --------------------------------------------------------

--
-- Table structure for table `province`
--

CREATE TABLE `province` (
  `id` int(5) NOT NULL,
  `code` varchar(2) COLLATE utf8_unicode_ci NOT NULL,
  `name` varchar(150) COLLATE utf8_unicode_ci NOT NULL,
  `name_english` varchar(150) COLLATE utf8_unicode_ci NOT NULL,
  `geo_id` int(5) NOT NULL DEFAULT '0'
) ENGINE=MyISAM DEFAULT CHARSET=utf8 COLLATE=utf8_unicode_ci;

--
-- Dumping data for table `province`
--

INSERT INTO `province` (`id`, `code`, `name`, `name_english`, `geo_id`) VALUES
(1, '10', 'กรุงเทพมหานคร   ', 'Bangkok', 2),
(2, '11', 'สมุทรปราการ   ', 'Samut Prakan', 2),
(3, '12', 'นนทบุรี   ', 'Nonthaburi', 2),
(4, '13', 'ปทุมธานี   ', 'Pathum Thani', 2),
(5, '14', 'พระนครศรีอยุธยา   ', 'Phra Nakhon Si Ayutthaya', 2),
(6, '15', 'อ่างทอง   ', 'Ang Thong', 2),
(7, '16', 'ลพบุรี   ', 'Lop buri', 2),
(8, '17', 'สิงห์บุรี   ', 'Sing Buri', 2),
(9, '18', 'ชัยนาท   ', 'Chai Nat', 2),
(10, '19', 'สระบุรี', 'Saraburi', 2),
(11, '20', 'ชลบุรี   ', 'Chon Buri', 5),
(12, '21', 'ระยอง   ', 'Rayong', 5),
(13, '22', 'จันทบุรี   ', 'Chanthaburi', 5),
(14, '23', 'ตราด   ', 'Trat', 5),
(15, '24', 'ฉะเชิงเทรา   ', 'Chachoengsao', 5),
(16, '25', 'ปราจีนบุรี   ', 'Prachin Buri', 5),
(17, '26', 'นครนายก   ', 'Nakhon Nayok', 2),
(18, '27', 'สระแก้ว   ', 'Sa Kaeo', 5),
(19, '30', 'นครราชสีมา   ', 'Nakhon Ratchasima', 3),
(20, '31', 'บุรีรัมย์   ', 'Buri Ram', 3),
(21, '32', 'สุรินทร์   ', 'Surin', 3),
(22, '33', 'ศรีสะเกษ   ', 'Si Sa Ket', 3),
(23, '34', 'อุบลราชธานี   ', 'Ubon Ratchathani', 3),
(24, '35', 'ยโสธร   ', 'Yasothon', 3),
(25, '36', 'ชัยภูมิ   ', 'Chaiyaphum', 3),
(26, '37', 'อำนาจเจริญ   ', 'Amnat Charoen', 3),
(27, '39', 'หนองบัวลำภู   ', 'Nong Bua Lam Phu', 3),
(28, '40', 'ขอนแก่น   ', 'Khon Kaen', 3),
(29, '41', 'อุดรธานี   ', 'Udon Thani', 3),
(30, '42', 'เลย   ', 'Loei', 3),
(31, '43', 'หนองคาย   ', 'Nong Khai', 3),
(32, '44', 'มหาสารคาม   ', 'Maha Sarakham', 3),
(33, '45', 'ร้อยเอ็ด   ', 'Roi Et', 3),
(34, '46', 'กาฬสินธุ์   ', 'Kalasin', 3),
(35, '47', 'สกลนคร   ', 'Sakon Nakhon', 3),
(36, '48', 'นครพนม   ', 'Nakhon Phanom', 3),
(37, '49', 'มุกดาหาร   ', 'Mukdahan', 3),
(38, '50', 'เชียงใหม่   ', 'Chiang Mai', 1),
(39, '51', 'ลำพูน   ', 'Lamphun', 1),
(40, '52', 'ลำปาง   ', 'Lampang', 1),
(41, '53', 'อุตรดิตถ์   ', 'Uttaradit', 1),
(42, '54', 'แพร่   ', 'Phrae', 1),
(43, '55', 'น่าน   ', 'Nan', 1),
(44, '56', 'พะเยา   ', 'Phayao', 1),
(45, '57', 'เชียงราย   ', 'Chiang Rai', 1),
(46, '58', 'แม่ฮ่องสอน   ', 'Mae Hong Son', 1),
(47, '60', 'นครสวรรค์   ', 'Nakhon Sawan', 2),
(48, '61', 'อุทัยธานี   ', 'Uthai Thani', 2),
(49, '62', 'กำแพงเพชร   ', 'Kamphaeng Phet', 2),
(50, '63', 'ตาก   ', 'Tak', 4),
(51, '64', 'สุโขทัย   ', 'Sukhothai', 2),
(52, '65', 'พิษณุโลก   ', 'Phitsanulok', 2),
(53, '66', 'พิจิตร   ', 'Phichit', 2),
(54, '67', 'เพชรบูรณ์   ', 'Phetchabun', 2),
(55, '70', 'ราชบุรี   ', 'Ratchaburi', 4),
(56, '71', 'กาญจนบุรี   ', 'Kanchanaburi', 4),
(57, '72', 'สุพรรณบุรี   ', 'Suphan Buri', 2),
(58, '73', 'นครปฐม   ', 'Nakhon Pathom', 2),
(59, '74', 'สมุทรสาคร   ', 'Samut Sakhon', 2),
(60, '75', 'สมุทรสงคราม   ', 'Samut Songkhram', 2),
(61, '76', 'เพชรบุรี   ', 'Phetchaburi', 4),
(62, '77', 'ประจวบคีรีขันธ์   ', 'Prachuap Khiri Khan', 4),
(63, '80', 'นครศรีธรรมราช   ', 'Nakhon Si Thammarat', 6),
(64, '81', 'กระบี่   ', 'Krabi', 6),
(65, '82', 'พังงา   ', 'Phangnga', 6),
(66, '83', 'ภูเก็ต   ', 'Phuket', 6),
(67, '84', 'สุราษฎร์ธานี   ', 'Surat Thani', 6),
(68, '85', 'ระนอง   ', 'Ranong', 6),
(69, '86', 'ชุมพร   ', 'Chumphon', 6),
(70, '90', 'สงขลา   ', 'Songkhla', 6),
(71, '91', 'สตูล   ', 'Satun', 6),
(72, '92', 'ตรัง   ', 'Trang', 6),
(73, '93', 'พัทลุง   ', 'Phatthalung', 6),
(74, '94', 'ปัตตานี   ', 'Pattani', 6),
(75, '95', 'ยะลา   ', 'Yala', 6),
(76, '96', 'นราธิวาส   ', 'Narathiwat', 6),
(77, '97', 'บึงกาฬ', 'buogkan', 3);

-- --------------------------------------------------------

--
-- Table structure for table `region`
--

CREATE TABLE `region` (
  `id` int(11) NOT NULL,
  `created` datetime NOT NULL,
  `modified` timestamp NOT NULL,
  `owner` int(8) NOT NULL,
  `name` varchar(32) COLLATE utf8_unicode_ci NOT NULL,
  `description` text COLLATE utf8_unicode_ci NOT NULL,
  `region_parent_id` int(8) NOT NULL
) ENGINE=MyISAM DEFAULT CHARSET=utf8 COLLATE=utf8_unicode_ci;

--
-- Dumping data for table `region`
--

INSERT INTO `region` (`id`, `created`, `modified`, `owner`, `name`, `description`, `region_parent_id`) VALUES
(1, '2017-01-19 00:57:37', '2017-01-18 17:57:37', 1, 'central', 'central', 1);

-- --------------------------------------------------------

--
-- Table structure for table `supplier`
--

CREATE TABLE `supplier` (
  `id` int(11) NOT NULL,
  `created` datetime NOT NULL,
  `modified` timestamp NOT NULL,
  `owner` int(8) NOT NULL,
  `name` varchar(32) COLLATE utf8_unicode_ci NOT NULL,
  `description` text COLLATE utf8_unicode_ci NOT NULL,
  `city` varchar(16) COLLATE utf8_unicode_ci NOT NULL,
  `province` varchar(16) COLLATE utf8_unicode_ci NOT NULL,
  `country` varchar(32) COLLATE utf8_unicode_ci NOT NULL,
  `email` varchar(64) COLLATE utf8_unicode_ci NOT NULL,
  `phone` varchar(32) COLLATE utf8_unicode_ci NOT NULL,
  `bank_account` varchar(32) COLLATE utf8_unicode_ci NOT NULL,
  `bank_account_2` varchar(32) COLLATE utf8_unicode_ci NOT NULL,
  `tax_identification` varchar(32) COLLATE utf8_unicode_ci NOT NULL
) ENGINE=MyISAM DEFAULT CHARSET=utf8 COLLATE=utf8_unicode_ci;

--
-- Dumping data for table `supplier`
--

INSERT INTO `supplier` (`id`, `created`, `modified`, `owner`, `name`, `description`, `city`, `province`, `country`, `email`, `phone`, `bank_account`, `bank_account_2`, `tax_identification`) VALUES
(1, '2017-01-19 00:59:57', '2017-01-18 17:59:57', 1, 'Flossy', '', '', '', '', '', '', '', '', '');

-- --------------------------------------------------------

--
-- Table structure for table `task`
--

CREATE TABLE `task` (
  `id` int(11) NOT NULL,
  `created` datetime NOT NULL,
  `modified` timestamp NOT NULL,
  `owner` int(8) NOT NULL,
  `task_parent_id` int(4) NOT NULL,
  `task_action_type_id` int(4) NOT NULL,
  `task_status_id` int(4) NOT NULL,
  `job_id` int(8) NOT NULL,
  `amphur_id` int(4) NOT NULL,
  `province_id` int(4) NOT NULL,
  `country_id` varchar(32) COLLATE utf8_unicode_ci NOT NULL,
  `name` varchar(64) COLLATE utf8_unicode_ci NOT NULL,
  `description` text COLLATE utf8_unicode_ci NOT NULL,
  `task_open` date NOT NULL,
  `task_close` date NOT NULL,
  `error_msg_thai` text COLLATE utf8_unicode_ci NOT NULL,
  `error_msg_english` text COLLATE utf8_unicode_ci NOT NULL,
  `success_msg_thai` text COLLATE utf8_unicode_ci NOT NULL,
  `success_msg_english` text COLLATE utf8_unicode_ci NOT NULL
) ENGINE=MyISAM DEFAULT CHARSET=utf8 COLLATE=utf8_unicode_ci;

--
-- Dumping data for table `task`
--

INSERT INTO `task` (`id`, `created`, `modified`, `owner`, `task_parent_id`, `task_action_type_id`, `task_status_id`, `job_id`, `amphur_id`, `province_id`, `country_id`, `name`, `description`, `task_open`, `task_close`, `error_msg_thai`, `error_msg_english`, `success_msg_thai`, `success_msg_english`) VALUES
(1, '2017-01-15 11:18:20', '2017-01-15 06:02:14', 1, 1, 1, 1, 1, 843, 7, 'ไทย', 'root', 'root', '2017-01-15', '2018-01-15', '', '', '', ''),
(3, '2017-01-15 13:11:41', '2017-01-15 07:11:49', 7777, 6, 3, 1, 8, 843, 7, 'ไทย', 'ยื่นขออนุมัติวงเงิน ใบสั่งซื้อ', 'ยื่นอนุมัติวงเงิน ใบสั่งซื้อ', '2017-01-15', '2018-01-15', '', '', '', ''),
(2, '2017-01-15 11:18:20', '2017-01-15 07:00:08', 1, 1, 1, 1, 2, 843, 7, 'ไทย', 'บันทึกใบ PO', 'ิบันทึกใบPO ผ่านทางระบบ bathline uno ', '2017-01-15', '2018-01-15', '', '', '', ''),
(4, '2017-01-15 13:17:01', '2017-01-15 07:05:21', 7777, 6, 4, 1, 8, 843, 7, 'ไทย', 'อนุมัติวงเงิน ใบสั่งซื้อแบบ อัตโนมัติ', 'อนุมัติวงเงิน อัตโนมัติโดยมีระบบคอยควบคุมไม่ให้เกินวงเงิน', '2017-01-15', '2018-01-15', '', '', '', ''),
(5, '2017-01-15 13:55:22', '2017-01-15 06:55:55', 7777, 3, 4, 1, 10, 843, 7, 'ไทย', 'อนุมัติวงเงิน ใบสั่งซื้อ', 'อนุมัติวงเงิน เมื่อมีความสมเหตุสมผล', '2017-01-15', '2018-01-15', '', '', '', ''),
(6, '2017-01-15 14:02:48', '2017-01-15 07:02:48', 7777, 2, 4, 1, 2, 843, 7, 'ไทย', 'ตรวจสอบความถูกต้อง ใบสั่งซื้อ', 'ตรวจสอบความถูกต้อง ใบสั่งซื้อ', '2017-01-15', '2018-01-15', '', '', '', ''),
(7, '2017-01-15 14:03:41', '2017-01-15 07:03:41', 7777, 6, 2, 1, 2, 843, 7, 'ไทย', 'แก้ไขใบสั่งซื้อ', 'แก้ไขใบสั่งซื้อ', '2017-01-15', '2018-01-15', '', '', '', ''),
(8, '2017-01-15 14:42:26', '2017-01-15 07:42:26', 7777, 4, 2, 1, 2, 843, 7, 'ไทย', 'แบ่งส่ง', 'แบ่งส่ง', '2017-01-15', '2018-01-15', '', '', '', ''),
(9, '2017-01-15 14:48:43', '2017-01-15 07:48:43', 7777, 8, 4, 1, 4, 843, 7, 'ไทย', 'เช็คสินค้า กับ ใบสั่งซื้อ', 'เช็คสินค้า กับ ใบสั่งซื้อ', '2017-01-15', '2018-01-15', '', '', '', ''),
(10, '2017-01-15 14:59:50', '2017-01-15 07:59:50', 7777, 9, 1, 1, 7, 843, 7, 'ไทย', 'เริ่มการส่งสินค้า', 'เริ่มการส่งสินค้า', '2017-01-15', '2018-01-15', '', '', '', ''),
(11, '2017-01-15 15:00:40', '2017-01-15 08:00:40', 7777, 9, 3, 1, 7, 843, 7, 'ไทย', 'ส่งเสร็จสิ้น', 'ส่งเสร็จสิ้น', '2017-01-15', '2018-01-15', '', '', '', ''),
(12, '2017-01-15 15:02:24', '2017-01-15 08:02:24', 7777, 11, 4, 1, 4, 843, 7, 'ไทย', 'ตรวจสอบสินค้าชำรุด', 'ตรวจสอบสินค้าชำรุด', '2017-01-15', '2018-01-15', '', '', '', ''),
(13, '2017-01-15 15:04:11', '2017-01-15 08:04:11', 7777, 12, 1, 1, 8, 843, 7, 'ไทย', 'บันทึกเงินเข้า', 'บันทึกเงินเข้า', '2017-01-15', '2018-01-15', '', '', '', ''),
(14, '2017-01-15 15:05:00', '2017-01-15 08:05:00', 7777, 12, 1, 1, 8, 843, 7, 'ไทย', 'ลงรายละเอียดสินค้าชำรุด', 'ลงรายละเอียดสินค้าชำรุด', '2017-01-15', '2018-01-15', '', '', '', ''),
(15, '2017-01-19 01:52:08', '2017-01-18 18:52:08', 1, 2, 1, 1, 2, 843, 7, 'ไทย', 'บันทึกรายละเอียดสินค้า', 'บันทึกรายละเอียดสินค้า', '2017-01-15', '2018-01-15', '', '', '', '');

-- --------------------------------------------------------

--
-- Table structure for table `task_action_type`
--

CREATE TABLE `task_action_type` (
  `id` int(11) NOT NULL,
  `created` datetime NOT NULL,
  `modified` timestamp NOT NULL,
  `owner` int(8) NOT NULL,
  `name` varchar(32) COLLATE utf8_unicode_ci NOT NULL,
  `description` text COLLATE utf8_unicode_ci NOT NULL
) ENGINE=MyISAM DEFAULT CHARSET=utf8 COLLATE=utf8_unicode_ci;

--
-- Dumping data for table `task_action_type`
--

INSERT INTO `task_action_type` (`id`, `created`, `modified`, `owner`, `name`, `description`) VALUES
(1, '2017-01-15 11:12:21', '2017-01-15 04:12:21', 1, 'INSERT', 'ป้อนข้อมูล'),
(2, '2017-01-15 12:45:47', '2017-01-15 05:45:47', 1, 'EDIT', 'แก้ไขข้อมูล'),
(3, '2017-01-15 13:12:23', '2017-01-15 06:12:50', 7777, 'PENDING_APPROVAL', 'ยื่นอนุมัติ'),
(4, '2017-01-15 13:12:38', '2017-01-15 06:12:38', 7777, 'APPROVAL', 'อนุมัติ');

-- --------------------------------------------------------

--
-- Table structure for table `task_db_log`
--

CREATE TABLE `task_db_log` (
  `id` int(11) NOT NULL,
  `created` datetime NOT NULL,
  `modified` timestamp NOT NULL,
  `owner` int(8) NOT NULL,
  `task_id` int(4) NOT NULL,
  `db_reference_id` int(4) NOT NULL
) ENGINE=MyISAM DEFAULT CHARSET=latin1;

--
-- Dumping data for table `task_db_log`
--

INSERT INTO `task_db_log` (`id`, `created`, `modified`, `owner`, `task_id`, `db_reference_id`) VALUES
(1, '2017-01-17 14:28:27', '2017-01-18 19:39:43', 1, 6, 4),
(8, '2017-01-19 02:09:58', '2017-01-18 19:48:22', 1, 7, 4),
(6, '2017-01-19 01:52:25', '2017-01-18 18:52:25', 1, 15, 2),
(7, '2017-01-19 01:56:20', '2017-01-18 19:39:56', 1, 2, 4),
(5, '2017-01-17 16:20:34', '2017-01-17 09:20:34', 1, 12, 4),
(9, '2017-01-19 02:42:20', '2017-01-18 19:42:20', 1, 13, 1);

-- --------------------------------------------------------

--
-- Table structure for table `task_flow`
--

CREATE TABLE `task_flow` (
  `id` int(11) NOT NULL,
  `created` datetime NOT NULL DEFAULT CURRENT_TIMESTAMP,
  `modified` timestamp NOT NULL DEFAULT CURRENT_TIMESTAMP,
  `owner` int(8) NOT NULL,
  `task_list` text COLLATE utf8_unicode_ci NOT NULL,
  `name` varchar(64) COLLATE utf8_unicode_ci NOT NULL,
  `description` text COLLATE utf8_unicode_ci NOT NULL
) ENGINE=MyISAM DEFAULT CHARSET=utf8 COLLATE=utf8_unicode_ci;

-- --------------------------------------------------------

--
-- Table structure for table `task_log`
--

CREATE TABLE `task_log` (
  `id` int(11) NOT NULL,
  `created` datetime NOT NULL,
  `modified` timestamp NOT NULL,
  `owner` int(8) NOT NULL,
  `record_name` varchar(32) COLLATE utf8_unicode_ci NOT NULL,
  `record_document` int(8) NOT NULL,
  `task_id` int(8) NOT NULL,
  `task_action_type` varchar(16) COLLATE utf8_unicode_ci NOT NULL,
  `query` text COLLATE utf8_unicode_ci NOT NULL,
  `task_log_status_id` int(4) NOT NULL,
  `task_msg` text COLLATE utf8_unicode_ci NOT NULL
) ENGINE=MyISAM DEFAULT CHARSET=utf8 COLLATE=utf8_unicode_ci;

--
-- Dumping data for table `task_log`
--

INSERT INTO `task_log` (`id`, `created`, `modified`, `owner`, `record_name`, `record_document`, `task_id`, `task_action_type`, `query`, `task_log_status_id`, `task_msg`) VALUES
(1, '2017-01-15 11:03:49', '2017-01-15 04:03:49', 7777, 'view_permission_type', 2, 1, 'INSERT', 'INSERT INTO view_permission_type (id,created,modified,owner,name,description) VALUES (DEFAULT,CURRENT_TIMESTAMP,CURRENT_TIMESTAMP,1,\'INSERT\',\'ป้อนข้อมูล\')', 1, 'successfully'),
(2, '2017-01-15 11:04:07', '2017-01-15 04:04:07', 7777, 'view_permission_type', 3, 1, 'INSERT', 'INSERT INTO view_permission_type (id,created,modified,owner,name,description) VALUES (DEFAULT,CURRENT_TIMESTAMP,CURRENT_TIMESTAMP,1,\'EDIT\',\'แก้ไขข้อมูล\')', 1, 'successfully'),
(3, '2017-01-15 11:12:21', '2017-01-15 04:12:21', 7777, 'task_action_type', 2, 1, 'INSERT', 'INSERT INTO task_action_type (id,created,modified,owner,name,description) VALUES (DEFAULT,CURRENT_TIMESTAMP,CURRENT_TIMESTAMP,1,\'INSERT\',\'ป้อนข้อมูล\')', 1, 'successfully'),
(4, '2017-01-15 11:13:34', '2017-01-15 04:13:34', 7777, 'task_status', 2, 1, 'INSERT', 'INSERT INTO task_status (id,created,modified,owner,name,description) VALUES (DEFAULT,CURRENT_TIMESTAMP,CURRENT_TIMESTAMP,1,\'ACTIVE\',\'สถานะเปิด\')', 1, 'successfully'),
(5, '2017-01-15 11:14:55', '2017-01-15 04:14:55', 7777, 'task_status', 3, 1, 'INSERT', 'INSERT INTO task_status (id,created,modified,owner,name,description) VALUES (DEFAULT,CURRENT_TIMESTAMP,CURRENT_TIMESTAMP,1,\'DEACTIVATE\',\'สถานะปิด\')', 1, 'successfully'),
(6, '2017-01-15 11:15:08', '2017-01-15 04:15:08', 7777, 'task_status', 1, 1, 'UPDATE', 'UPDATE task_status SET id=id,created=created,modified=CURRENT_TIMESTAMP,owner=1,name=\'ACTIVATE\',description=\'สถานะเปิด\' WHERE id =1 AND ( id != id OR created != created OR modified != modified OR owner != 1 OR name != \'ACTIVATE\' OR description != \'สถานะเปิด\' )', 1, 'successfully'),
(7, '2017-01-15 11:18:20', '2017-01-15 04:18:20', 7777, 'task', 2, 1, 'INSERT', 'INSERT INTO task (id,created,modified,owner,task_parent_id,task_action_type_id,task_status_id,amphur_id,province_id,country_id,name,description,task_open,task_close,error_msg_thai,error_msg_english,success_msg_thai,success_msg_english) VALUES (DEFAULT,CURRENT_TIMESTAMP,CURRENT_TIMESTAMP,1,1,1,1,843,7,\'ไทย\',\'เพิ่มใบPO\',\'เพิ่มใบPO\',\'2017-01-15\',\'2017-02-15\',\'ไม่สามารถเพิ่มได้\',\'the data type is invalid\',\'เพิ่มสำเร็จ\',\'insert PO Order sucessfully\')', 1, 'successfully'),
(8, '2017-01-15 11:22:33', '2017-01-15 04:22:33', 7777, 'task', 1, 1, 'UPDATE', 'UPDATE task SET id=id,created=created,modified=CURRENT_TIMESTAMP,owner=1,task_parent_id=1,task_action_type_id=1,task_status_id=1,amphur_id=843,province_id=7,country_id=\'ไทย\',name=\'ใบPO\',description=\'ใบPO\',task_open=\'2017-01-15\',task_close=\'2018-01-15\',error_msg_thai=\'\',error_msg_english=\'\',success_msg_thai=\'\',success_msg_english=\'\' WHERE id =1 AND ( id != id OR created != created OR modified != modified OR owner != 1 OR task_parent_id != 1 OR task_action_type_id != 1 OR task_status_id != 1 OR amphur_id != 843 OR province_id != 7 OR country_id != \'ไทย\' OR name != \'ใบPO\' OR description != \'ใบPO\' OR task_open != \'2017-01-15\' OR task_close != \'2018-01-15\' OR error_msg_thai != \'\' OR error_msg_english != \'\' OR success_msg_thai != \'\' OR success_msg_english != \'\' )', 1, 'successfully'),
(9, '2017-01-15 11:26:29', '2017-01-15 04:26:29', 7777, 'action_permission', 2, 1, 'INSERT', 'INSERT INTO action_permission (id,created,modified,owner,action_permission_type_id,action_permission_parent_id,task_id,name,description) VALUES (DEFAULT,CURRENT_TIMESTAMP,CURRENT_TIMESTAMP,1,1,1,1,\'เพิ่ม\',\'เพิ่มใบPO \')', 1, 'successfully'),
(10, '2017-01-15 11:35:32', '2017-01-15 04:35:32', 7777, 'job', 2, 1, 'INSERT', 'INSERT INTO job (id,created,modified,owner,job_parent_id,task_id,name,name_english,description) VALUES (DEFAULT,CURRENT_TIMESTAMP,CURRENT_TIMESTAMP,1,1,1,\'แผนกขาย\',\'Sales Department\',\'ขายของตั้งแต่การรับอ้อเด้อลูกค้าจนไปถึงการดูแลลูกให้มีความพึงพอใจกับการบริการให้มากที่สุด\')', 1, 'successfully'),
(11, '2017-01-15 11:39:55', '2017-01-15 04:39:55', 7777, 'job_log_status', 2, 1, 'INSERT', 'INSERT INTO job_log_status (id,created,modified,owner,name,description) VALUES (DEFAULT,CURRENT_TIMESTAMP,CURRENT_TIMESTAMP,1,\'HIRE\',\'รับหน้าที่\')', 1, 'successfully'),
(12, '2017-01-15 11:40:40', '2017-01-15 04:40:40', 7777, 'job_log_status', 3, 1, 'INSERT', 'INSERT INTO job_log_status (id,created,modified,owner,name,description) VALUES (DEFAULT,CURRENT_TIMESTAMP,CURRENT_TIMESTAMP,1,\'FIRE\',\'ไล่ออก\')', 1, 'successfully'),
(13, '2017-01-15 11:40:49', '2017-01-15 04:40:49', 7777, 'job_log_status', 4, 1, 'INSERT', 'INSERT INTO job_log_status (id,created,modified,owner,name,description) VALUES (DEFAULT,CURRENT_TIMESTAMP,CURRENT_TIMESTAMP,1,\'ลาออก\',\'ลาออก\')', 1, 'successfully'),
(14, '2017-01-15 11:41:24', '2017-01-15 04:41:24', 7777, 'job_log_status', 5, 1, 'INSERT', 'INSERT INTO job_log_status (id,created,modified,owner,name,description) VALUES (DEFAULT,CURRENT_TIMESTAMP,CURRENT_TIMESTAMP,1,\'DETENTION\',\'พักงาน\')', 1, 'successfully'),
(15, '2017-01-15 11:43:00', '2017-01-15 04:43:00', 7777, 'job_log_status', 3, 1, 'UPDATE', 'UPDATE job_log_status SET id=id,created=created,modified=CURRENT_TIMESTAMP,owner=1,name=\'RESIGN\',description=\'ลาออก\' WHERE id =3 AND ( id != id OR created != created OR modified != modified OR owner != 1 OR name != \'RESIGN\' OR description != \'ลาออก\' )', 1, 'successfully'),
(16, '2017-01-15 11:46:49', '2017-01-15 04:46:49', 7777, 'employee', 2, 1, 'INSERT', 'INSERT INTO employee (id,created,modified,owner,firstname_thai,lastname_thai,firstname_english,lastname_english,phone,email,salary,address,amphur_id,province_id,advance_task,advance_view,start_date,join_date,national_id) VALUES (DEFAULT,CURRENT_TIMESTAMP,CURRENT_TIMESTAMP,1,\'สิรภพ\',\'ศิริศิลป์\',\'Siraphop\',\'Sirisilp\',\'0802689444\',\'seawaykung@gmail.com\',10000,\'52 ปรางค์สามยอด\',843,7,\'\',\'\',\'2017-01-15\',\'2017-01-15\',\'1101402029290\')', 1, 'successfully'),
(17, '2017-01-15 12:41:20', '2017-01-15 05:41:20', 7777, 'task', 1, 1, 'UPDATE', 'UPDATE task SET id=id,created=created,modified=CURRENT_TIMESTAMP,owner=1,task_parent_id=1,task_action_type_id=1,task_status_id=1,job_id=1,amphur_id=843,province_id=7,country_id=\'ไทย\',name=\'ใบPO\',description=\'ใบPO\',task_open=\'2017-01-15\',task_close=\'2018-01-15\',error_msg_thai=\'\',error_msg_english=\'\',success_msg_thai=\'\',success_msg_english=\'\' WHERE id =1 AND ( id != id OR created != created OR modified != modified OR owner != 1 OR task_parent_id != 1 OR task_action_type_id != 1 OR task_status_id != 1 OR job_id != 1 OR amphur_id != 843 OR province_id != 7 OR country_id != \'ไทย\' OR name != \'ใบPO\' OR description != \'ใบPO\' OR task_open != \'2017-01-15\' OR task_close != \'2018-01-15\' OR error_msg_thai != \'\' OR error_msg_english != \'\' OR success_msg_thai != \'\' OR success_msg_english != \'\' )', 1, 'successfully'),
(18, '2017-01-15 12:45:47', '2017-01-15 05:45:47', 7777, 'task_action_type', 3, 1, 'INSERT', 'INSERT INTO task_action_type (id,created,modified,owner,name,description) VALUES (DEFAULT,CURRENT_TIMESTAMP,CURRENT_TIMESTAMP,1,\'EDIT\',\'แก้ไขข้อมูล\')', 1, 'successfully'),
(19, '2017-01-15 13:02:14', '2017-01-15 06:02:14', 7777, 'task', 1, 1, 'UPDATE', 'UPDATE task SET id=id,created=created,modified=CURRENT_TIMESTAMP,owner=1,task_parent_id=1,task_action_type_id=1,task_status_id=1,job_id=1,amphur_id=843,province_id=7,country_id=\'ไทย\',name=\'root\',description=\'root\',task_open=\'2017-01-15\',task_close=\'2018-01-15\',error_msg_thai=\'\',error_msg_english=\'\',success_msg_thai=\'\',success_msg_english=\'\' WHERE id =1 AND ( id != id OR created != created OR modified != modified OR owner != 1 OR task_parent_id != 1 OR task_action_type_id != 1 OR task_status_id != 1 OR job_id != 1 OR amphur_id != 843 OR province_id != 7 OR country_id != \'ไทย\' OR name != \'root\' OR description != \'root\' OR task_open != \'2017-01-15\' OR task_close != \'2018-01-15\' OR error_msg_thai != \'\' OR error_msg_english != \'\' OR success_msg_thai != \'\' OR success_msg_english != \'\' )', 1, 'successfully'),
(20, '2017-01-15 13:11:41', '2017-01-15 06:11:41', 7777, 'task', 4, 1, 'INSERT', 'INSERT INTO task (id,created,modified,owner,task_parent_id,task_action_type_id,task_status_id,job_id,amphur_id,province_id,country_id,name,description,task_open,task_close,error_msg_thai,error_msg_english,success_msg_thai,success_msg_english) VALUES (DEFAULT,CURRENT_TIMESTAMP,CURRENT_TIMESTAMP,7777,2,1,1,2,843,7,\'ไทย\',\'อนุมัติวงเงิน\',\'อนุมัติวงเงิน\',\'2017-01-15\',\'2018-01-15\',\'\',\'\',\'\',\'\')', 1, 'successfully'),
(21, '2017-01-15 13:12:23', '2017-01-15 06:12:23', 7777, 'task_action_type', 4, 1, 'INSERT', 'INSERT INTO task_action_type (id,created,modified,owner,name,description) VALUES (DEFAULT,CURRENT_TIMESTAMP,CURRENT_TIMESTAMP,7777,\'PENDING_APPROVAL\',\'ิอนุมัติ\')', 1, 'successfully'),
(22, '2017-01-15 13:12:38', '2017-01-15 06:12:38', 7777, 'task_action_type', 5, 1, 'INSERT', 'INSERT INTO task_action_type (id,created,modified,owner,name,description) VALUES (DEFAULT,CURRENT_TIMESTAMP,CURRENT_TIMESTAMP,7777,\'APPROVAL\',\'อนุมัติ\')', 1, 'successfully'),
(23, '2017-01-15 13:12:50', '2017-01-15 06:12:50', 7777, 'task_action_type', 3, 1, 'UPDATE', 'UPDATE task_action_type SET id=id,created=created,modified=CURRENT_TIMESTAMP,owner=7777,name=\'PENDING_APPROVAL\',description=\'ยื่นอนุมัติ\' WHERE id =3 AND ( id != id OR created != created OR modified != modified OR owner != 7777 OR name != \'PENDING_APPROVAL\' OR description != \'ยื่นอนุมัติ\' )', 1, 'successfully'),
(24, '2017-01-15 13:14:35', '2017-01-15 06:14:35', 7777, 'task', 3, 1, 'UPDATE', 'UPDATE task SET id=id,created=created,modified=CURRENT_TIMESTAMP,owner=7777,task_parent_id=2,task_action_type_id=3,task_status_id=1,job_id=2,amphur_id=843,province_id=7,country_id=\'ไทย\',name=\'ยื่นอนุมัติวงเงิน\',description=\'ยื่นอนุมัติวงเงิน\',task_open=\'2017-01-15\',task_close=\'2018-01-15\',error_msg_thai=\'\',error_msg_english=\'\',success_msg_thai=\'\',success_msg_english=\'\' WHERE id =3 AND ( id != id OR created != created OR modified != modified OR owner != 7777 OR task_parent_id != 2 OR task_action_type_id != 3 OR task_status_id != 1 OR job_id != 2 OR amphur_id != 843 OR province_id != 7 OR country_id != \'ไทย\' OR name != \'ยื่นอนุมัติวงเงิน\' OR description != \'ยื่นอนุมัติวงเงิน\' OR task_open != \'2017-01-15\' OR task_close != \'2018-01-15\' OR error_msg_thai != \'\' OR error_msg_english != \'\' OR success_msg_thai != \'\' OR success_msg_english != \'\' )', 1, 'successfully'),
(25, '2017-01-15 13:17:01', '2017-01-15 06:17:01', 7777, 'task', 5, 1, 'INSERT', 'INSERT INTO task (id,created,modified,owner,task_parent_id,task_action_type_id,task_status_id,job_id,amphur_id,province_id,country_id,name,description,task_open,task_close,error_msg_thai,error_msg_english,success_msg_thai,success_msg_english) VALUES (DEFAULT,CURRENT_TIMESTAMP,CURRENT_TIMESTAMP,7777,2,4,1,2,843,7,\'ไทย\',\'อนุมัติวงเงิน อัตโนมัติ\',\'อนุมัติวงเงิน อัตโนมัติโดยมีระบบคอยควบคุมไม่ให้เกินวงเงิน\',\'2017-01-15\',\'2018-01-15\',\'\',\'\',\'\',\'\')', 1, 'successfully'),
(26, '2017-01-15 13:20:37', '2017-01-15 06:20:37', 7777, 'job', 4, 1, 'INSERT', 'INSERT INTO job (id,created,modified,owner,job_parent_id,name,name_english,description) VALUES (DEFAULT,CURRENT_TIMESTAMP,CURRENT_TIMESTAMP,7777,1,\'แผนกจัดซื้อ\',\' Purchasing Department\',\'สามารถสั่งซื้อสินค้ามาได้ตรงตามเวลา และมีประสิทธิภาพในการควบคุมสินค้า ที่สั่งซื้อมา\')', 1, 'successfully'),
(27, '2017-01-15 13:21:04', '2017-01-15 06:21:04', 7777, 'job', 2, 1, 'UPDATE', 'UPDATE job SET id=id,created=created,modified=CURRENT_TIMESTAMP,owner=1,job_parent_id=1,name=\'แผนกขาย\',name_english=\'Sales Department\',description=\'ดูแลตั้งแต่การรับอ้อเด้อลูกค้าจนไปถึงการดูแลลูกใ...\' WHERE id =2 AND ( id != id OR created != created OR modified != modified OR owner != 1 OR job_parent_id != 1 OR name != \'แผนกขาย\' OR name_english != \'Sales Department\' OR description != \'ดูแลตั้งแต่การรับอ้อเด้อลูกค้าจนไปถึงการดูแลลูกใ...\' )', 1, 'successfully'),
(28, '2017-01-15 13:24:30', '2017-01-15 06:24:30', 7777, 'job', 5, 1, 'INSERT', 'INSERT INTO job (id,created,modified,owner,job_parent_id,name,name_english,description) VALUES (DEFAULT,CURRENT_TIMESTAMP,CURRENT_TIMESTAMP,7777,1,\'แผนกคลังสินค้า\',\'Warehouse Department\',\'ดูแล รักษาสภาพโกดังเก็บของ และสินค้านั้นๆ มีการดูแลตรวจสภาพสินค้า และจำนวนสินค้า สามารถบ่งชี้ปัญหาของขาดและเกินสต็อค มีความรักและห่วงใยในการทำงาน\')', 1, 'successfully'),
(29, '2017-01-15 13:29:36', '2017-01-15 06:29:36', 7777, 'job', 6, 1, 'INSERT', 'INSERT INTO job (id,created,modified,owner,job_parent_id,name,name_english,description) VALUES (DEFAULT,CURRENT_TIMESTAMP,CURRENT_TIMESTAMP,7777,1,\'แผนกการตลาด\',\'Marketing Department\',\'ออกสำรวจตลาด เพื่อ เพิ่มช่องทาง ในการขาย ขยายภาพลักษณ์ของบริษัท เข้าใจและรับรู้วสิ่งที่ผู้บริโภคนั้นต้องการ  ใส่ใจทุกรายละเอียดของลูกค้าในเชิงความรู้สึก\')', 1, 'successfully'),
(30, '2017-01-15 13:35:17', '2017-01-15 06:35:17', 7777, 'job', 7, 1, 'INSERT', 'INSERT INTO job (id,created,modified,owner,job_parent_id,name,name_english,description) VALUES (DEFAULT,CURRENT_TIMESTAMP,CURRENT_TIMESTAMP,7777,1,\'แผนกบุคคล\',\'็Human Resource Manager\',\'สามารถเป็นตัวเชื่อมให้กับ บุคคลากรของบริษัททุกท่านด้วยใจเป็นกลาง ผ่านความชัดเจน และ ร่มเย็น ตรวจสอบและดูแลข้อเท็จจริงของบุคคลากร สามารถหาบุคคลากรใหม่ เมื่อขาดแคลยนโดยคำนึงถึงประสิทธิภาพใน สายงาน และ ผลงาน\')', 1, 'successfully'),
(31, '2017-01-15 13:37:38', '2017-01-15 06:37:38', 7777, 'job', 8, 1, 'INSERT', 'INSERT INTO job (id,created,modified,owner,job_parent_id,name,name_english,description) VALUES (DEFAULT,CURRENT_TIMESTAMP,CURRENT_TIMESTAMP,7777,1,\'แผนกจัดส่ง\',\'Shipping Department\',\'ส่งปลอดภัย ตรงเวลา และ แน่วแน่ หมั่นดูแลเอาใจใส่ยานพาหนะ และ พักผ่อนอย่างเพียงพอ\')', 1, 'successfully'),
(32, '2017-01-15 13:41:12', '2017-01-15 06:41:12', 7777, 'job', 9, 1, 'INSERT', 'INSERT INTO job (id,created,modified,owner,job_parent_id,name,name_english,description) VALUES (DEFAULT,CURRENT_TIMESTAMP,CURRENT_TIMESTAMP,7777,1,\'แผนกบัญชีการเงิน\',\' Financial Accountant\',\'ตรวจสอบความเป็นมาของเงิน และบันทึก ได้อย่างมีประสิทธิภาพ สามารถทำรายงาน วิเคราะห์ เชิงลึก เพื่อเป็นแนวทางและข้อมูลให้แก่ผู้บริหารได้ รับผิดชอบและซื่อสัตย์\')', 1, 'successfully'),
(33, '2017-01-15 13:43:30', '2017-01-15 06:43:30', 7777, 'task', 3, 1, 'UPDATE', 'UPDATE task SET id=id,created=created,modified=CURRENT_TIMESTAMP,owner=7777,task_parent_id=2,task_action_type_id=3,task_status_id=1,job_id=8,amphur_id=843,province_id=7,country_id=\'ไทย\',name=\'ยื่นอนุมัติวงเงิน\',description=\'ยื่นอนุมัติวงเงิน\',task_open=\'2017-01-15\',task_close=\'2018-01-15\',error_msg_thai=\'\',error_msg_english=\'\',success_msg_thai=\'\',success_msg_english=\'\' WHERE id =3 AND ( id != id OR created != created OR modified != modified OR owner != 7777 OR task_parent_id != 2 OR task_action_type_id != 3 OR task_status_id != 1 OR job_id != 8 OR amphur_id != 843 OR province_id != 7 OR country_id != \'ไทย\' OR name != \'ยื่นอนุมัติวงเงิน\' OR description != \'ยื่นอนุมัติวงเงิน\' OR task_open != \'2017-01-15\' OR task_close != \'2018-01-15\' OR error_msg_thai != \'\' OR error_msg_english != \'\' OR success_msg_thai != \'\' OR success_msg_english != \'\' )', 1, 'successfully'),
(34, '2017-01-15 13:43:42', '2017-01-15 06:43:42', 7777, 'task', 4, 1, 'UPDATE', 'UPDATE task SET id=id,created=created,modified=CURRENT_TIMESTAMP,owner=7777,task_parent_id=2,task_action_type_id=4,task_status_id=1,job_id=8,amphur_id=843,province_id=7,country_id=\'ไทย\',name=\'อนุมัติวงเงิน อัตโนมัติ\',description=\'อนุมัติวงเงิน อัตโนมัติโดยมีระบบคอยควบคุมไม่ให้เกินวงเงิน\',task_open=\'2017-01-15\',task_close=\'2018-01-15\',error_msg_thai=\'\',error_msg_english=\'\',success_msg_thai=\'\',success_msg_english=\'\' WHERE id =4 AND ( id != id OR created != created OR modified != modified OR owner != 7777 OR task_parent_id != 2 OR task_action_type_id != 4 OR task_status_id != 1 OR job_id != 8 OR amphur_id != 843 OR province_id != 7 OR country_id != \'ไทย\' OR name != \'อนุมัติวงเงิน อัตโนมัติ\' OR description != \'อนุมัติวงเงิน อัตโนมัติโดยมีระบบคอยควบคุมไม่ให้เกินวงเงิน\' OR task_open != \'2017-01-15\' OR task_close != \'2018-01-15\' OR error_msg_thai != \'\' OR error_msg_english != \'\' OR success_msg_thai != \'\' OR success_msg_english != \'\' )', 1, 'successfully'),
(35, '2017-01-15 13:44:01', '2017-01-15 06:44:01', 7777, 'task', 2, 1, 'UPDATE', 'UPDATE task SET id=id,created=created,modified=CURRENT_TIMESTAMP,owner=1,task_parent_id=1,task_action_type_id=1,task_status_id=1,job_id=2,amphur_id=843,province_id=7,country_id=\'ไทย\',name=\'ใบPO\',description=\'ใบPO\',task_open=\'2017-01-15\',task_close=\'2018-01-15\',error_msg_thai=\'\',error_msg_english=\'\',success_msg_thai=\'\',success_msg_english=\'\' WHERE id =2 AND ( id != id OR created != created OR modified != modified OR owner != 1 OR task_parent_id != 1 OR task_action_type_id != 1 OR task_status_id != 1 OR job_id != 2 OR amphur_id != 843 OR province_id != 7 OR country_id != \'ไทย\' OR name != \'ใบPO\' OR description != \'ใบPO\' OR task_open != \'2017-01-15\' OR task_close != \'2018-01-15\' OR error_msg_thai != \'\' OR error_msg_english != \'\' OR success_msg_thai != \'\' OR success_msg_english != \'\' )', 1, 'successfully'),
(36, '2017-01-15 13:46:35', '2017-01-15 06:46:35', 7777, 'job', 10, 1, 'INSERT', 'INSERT INTO job (id,created,modified,owner,job_parent_id,name,name_english,description) VALUES (DEFAULT,CURRENT_TIMESTAMP,CURRENT_TIMESTAMP,7777,1,\'ประธานกรรมการบริหาร \',\'Chief Executive Officer\',\'\')', 1, 'successfully'),
(37, '2017-01-15 13:49:46', '2017-01-15 06:49:46', 7777, 'job', 11, 1, 'INSERT', 'INSERT INTO job (id,created,modified,owner,job_parent_id,name,name_english,description) VALUES (DEFAULT,CURRENT_TIMESTAMP,CURRENT_TIMESTAMP,7777,9,\' ประธานเจ้าหน้าที่บริหาร\',\'Chief Executive Officer\',\'\')', 1, 'successfully'),
(38, '2017-01-15 13:50:10', '2017-01-15 06:50:10', 7777, 'job', 6, 1, 'UPDATE', 'UPDATE job SET id=id,created=created,modified=CURRENT_TIMESTAMP,owner=7777,job_parent_id=10,name=\'แผนกบุคคล\',name_english=\'็Human Resource Manager\',description=\'สามารถเป็นตัวเชื่อมให้กับ บุคคลากรของบริษัททุกท่านด้วยใจเป็นกลาง ผ่านความชัดเจน และ ร่มเย็น ตรวจสอบและดูแลข้อเท็จจริงของบุคคลากร สามารถหาบุคคลากรใหม่ เมื่อขาดแคลยนโดยคำนึงถึงประสิทธิภาพใน สายงาน และ ผลงาน\' WHERE id =6 AND ( id != id OR created != created OR modified != modified OR owner != 7777 OR job_parent_id != 10 OR name != \'แผนกบุคคล\' OR name_english != \'็Human Resource Manager\' OR description != \'สามารถเป็นตัวเชื่อมให้กับ บุคคลากรของบริษัททุกท่านด้วยใจเป็นกลาง ผ่านความชัดเจน และ ร่มเย็น ตรวจสอบและดูแลข้อเท็จจริงของบุคคลากร สามารถหาบุคคลากรใหม่ เมื่อขาดแคลยนโดยคำนึงถึงประสิทธิภาพใน สายงาน และ ผลงาน\' )', 1, 'successfully'),
(39, '2017-01-15 13:50:20', '2017-01-15 06:50:20', 7777, 'job', 3, 1, 'UPDATE', 'UPDATE job SET id=id,created=created,modified=CURRENT_TIMESTAMP,owner=7777,job_parent_id=6,name=\'แผนกจัดซื้อ\',name_english=\' Purchasing Department\',description=\'สามารถสั่งซื้อสินค้ามาได้ตรงตามเวลา และมีประสิทธิภาพในการควบคุมสินค้า ที่สั่งซื้อมา\' WHERE id =3 AND ( id != id OR created != created OR modified != modified OR owner != 7777 OR job_parent_id != 6 OR name != \'แผนกจัดซื้อ\' OR name_english != \' Purchasing Department\' OR description != \'สามารถสั่งซื้อสินค้ามาได้ตรงตามเวลา และมีประสิทธิภาพในการควบคุมสินค้า ที่สั่งซื้อมา\' )', 1, 'successfully'),
(40, '2017-01-15 13:50:33', '2017-01-15 06:50:33', 7777, 'job', 2, 1, 'UPDATE', 'UPDATE job SET id=id,created=created,modified=CURRENT_TIMESTAMP,owner=1,job_parent_id=6,name=\'แผนกขาย\',name_english=\'Sales Department\',description=\'เพิ่มยอดขาย สร้างรายได้ให้แก่บริษัท เอาใจใส่ลูกค้า และบริการ ในยามคับขัน \' WHERE id =2 AND ( id != id OR created != created OR modified != modified OR owner != 1 OR job_parent_id != 6 OR name != \'แผนกขาย\' OR name_english != \'Sales Department\' OR description != \'เพิ่มยอดขาย สร้างรายได้ให้แก่บริษัท เอาใจใส่ลูกค้า และบริการ ในยามคับขัน \' )', 1, 'successfully'),
(41, '2017-01-15 13:50:44', '2017-01-15 06:50:44', 7777, 'job', 4, 1, 'UPDATE', 'UPDATE job SET id=id,created=created,modified=CURRENT_TIMESTAMP,owner=7777,job_parent_id=6,name=\'แผนกคลังสินค้า\',name_english=\'Warehouse Department\',description=\'ดูแล รักษาสภาพโกดังเก็บของ และสินค้านั้นๆ มีการดูแลตรวจสภาพสินค้า และจำนวนสินค้า สามารถบ่งชี้ปัญหาของขาดและเกินสต็อค มีความรักและห่วงใยในการทำงาน\' WHERE id =4 AND ( id != id OR created != created OR modified != modified OR owner != 7777 OR job_parent_id != 6 OR name != \'แผนกคลังสินค้า\' OR name_english != \'Warehouse Department\' OR description != \'ดูแล รักษาสภาพโกดังเก็บของ และสินค้านั้นๆ มีการดูแลตรวจสภาพสินค้า และจำนวนสินค้า สามารถบ่งชี้ปัญหาของขาดและเกินสต็อค มีความรักและห่วงใยในการทำงาน\' )', 1, 'successfully'),
(42, '2017-01-15 13:50:53', '2017-01-15 06:50:53', 7777, 'job', 5, 1, 'UPDATE', 'UPDATE job SET id=id,created=created,modified=CURRENT_TIMESTAMP,owner=7777,job_parent_id=6,name=\'แผนกการตลาด\',name_english=\'Marketing Department\',description=\'ออกสำรวจตลาด เพื่อ เพิ่มช่องทาง ในการขาย ขยายภาพลักษณ์ของบริษัท เข้าใจและรับรู้วสิ่งที่ผู้บริโภคนั้นต้องการ  ใส่ใจทุกรายละเอียดของลูกค้าในเชิงความรู้สึก\' WHERE id =5 AND ( id != id OR created != created OR modified != modified OR owner != 7777 OR job_parent_id != 6 OR name != \'แผนกการตลาด\' OR name_english != \'Marketing Department\' OR description != \'ออกสำรวจตลาด เพื่อ เพิ่มช่องทาง ในการขาย ขยายภาพลักษณ์ของบริษัท เข้าใจและรับรู้วสิ่งที่ผู้บริโภคนั้นต้องการ  ใส่ใจทุกรายละเอียดของลูกค้าในเชิงความรู้สึก\' )', 1, 'successfully'),
(43, '2017-01-15 13:51:08', '2017-01-15 06:51:08', 7777, 'job', 7, 1, 'UPDATE', 'UPDATE job SET id=id,created=created,modified=CURRENT_TIMESTAMP,owner=7777,job_parent_id=6,name=\'แผนกจัดส่ง\',name_english=\'Shipping Department\',description=\'ส่งปลอดภัย ตรงเวลา และ แน่วแน่ หมั่นดูแลเอาใจใส่ยานพาหนะ และ พักผ่อนอย่างเพียงพอ\' WHERE id =7 AND ( id != id OR created != created OR modified != modified OR owner != 7777 OR job_parent_id != 6 OR name != \'แผนกจัดส่ง\' OR name_english != \'Shipping Department\' OR description != \'ส่งปลอดภัย ตรงเวลา และ แน่วแน่ หมั่นดูแลเอาใจใส่ยานพาหนะ และ พักผ่อนอย่างเพียงพอ\' )', 1, 'successfully'),
(44, '2017-01-15 13:51:20', '2017-01-15 06:51:20', 7777, 'job', 8, 1, 'UPDATE', 'UPDATE job SET id=id,created=created,modified=CURRENT_TIMESTAMP,owner=7777,job_parent_id=6,name=\'แผนกบัญชีการเงิน\',name_english=\' Financial Accountant\',description=\'ตรวจสอบความเป็นมาของเงิน และบันทึก ได้อย่างมีประสิทธิภาพ สามารถทำรายงาน วิเคราะห์ เชิงลึก เพื่อเป็นแนวทางและข้อมูลให้แก่ผู้บริหารได้ รับผิดชอบและซื่อสัตย์\' WHERE id =8 AND ( id != id OR created != created OR modified != modified OR owner != 7777 OR job_parent_id != 6 OR name != \'แผนกบัญชีการเงิน\' OR name_english != \' Financial Accountant\' OR description != \'ตรวจสอบความเป็นมาของเงิน และบันทึก ได้อย่างมีประสิทธิภาพ สามารถทำรายงาน วิเคราะห์ เชิงลึก เพื่อเป็นแนวทางและข้อมูลให้แก่ผู้บริหารได้ รับผิดชอบและซื่อสัตย์\' )', 1, 'successfully'),
(45, '2017-01-15 13:55:22', '2017-01-15 06:55:22', 7777, 'task', 6, 1, 'INSERT', 'INSERT INTO task (id,created,modified,owner,task_parent_id,task_action_type_id,task_status_id,job_id,amphur_id,province_id,country_id,name,description,task_open,task_close,error_msg_thai,error_msg_english,success_msg_thai,success_msg_english) VALUES (DEFAULT,CURRENT_TIMESTAMP,CURRENT_TIMESTAMP,7777,3,4,1,10,843,7,\'ไทย\',\'ยื่นอนุมัติวงเงิน\',\'อนุมัติวงเงิน เมื่อมีความสมเหตุสมผล\',\'2017-01-15\',\'2018-01-15\',\'\',\'\',\'\',\'\')', 1, 'successfully'),
(46, '2017-01-15 13:55:55', '2017-01-15 06:55:55', 7777, 'task', 5, 1, 'UPDATE', 'UPDATE task SET id=id,created=created,modified=CURRENT_TIMESTAMP,owner=7777,task_parent_id=3,task_action_type_id=4,task_status_id=1,job_id=10,amphur_id=843,province_id=7,country_id=\'ไทย\',name=\'อนุมัติวงเงิน ใบสั่งซื้อ\',description=\'อนุมัติวงเงิน เมื่อมีความสมเหตุสมผล\',task_open=\'2017-01-15\',task_close=\'2018-01-15\',error_msg_thai=\'\',error_msg_english=\'\',success_msg_thai=\'\',success_msg_english=\'\' WHERE id =5 AND ( id != id OR created != created OR modified != modified OR owner != 7777 OR task_parent_id != 3 OR task_action_type_id != 4 OR task_status_id != 1 OR job_id != 10 OR amphur_id != 843 OR province_id != 7 OR country_id != \'ไทย\' OR name != \'อนุมัติวงเงิน ใบสั่งซื้อ\' OR description != \'อนุมัติวงเงิน เมื่อมีความสมเหตุสมผล\' OR task_open != \'2017-01-15\' OR task_close != \'2018-01-15\' OR error_msg_thai != \'\' OR error_msg_english != \'\' OR success_msg_thai != \'\' OR success_msg_english != \'\' )', 1, 'successfully'),
(47, '2017-01-15 13:56:12', '2017-01-15 06:56:12', 7777, 'task', 4, 1, 'UPDATE', 'UPDATE task SET id=id,created=created,modified=CURRENT_TIMESTAMP,owner=7777,task_parent_id=2,task_action_type_id=4,task_status_id=1,job_id=8,amphur_id=843,province_id=7,country_id=\'ไทย\',name=\'อนุมัติวงเงิน ใบสั่งซื้อแบบ อัตโนมัติ\',description=\'อนุมัติวงเงิน อัตโนมัติโดยมีระบบคอยควบคุมไม่ให้เกินวงเงิน\',task_open=\'2017-01-15\',task_close=\'2018-01-15\',error_msg_thai=\'\',error_msg_english=\'\',success_msg_thai=\'\',success_msg_english=\'\' WHERE id =4 AND ( id != id OR created != created OR modified != modified OR owner != 7777 OR task_parent_id != 2 OR task_action_type_id != 4 OR task_status_id != 1 OR job_id != 8 OR amphur_id != 843 OR province_id != 7 OR country_id != \'ไทย\' OR name != \'อนุมัติวงเงิน ใบสั่งซื้อแบบ อัตโนมัติ\' OR description != \'อนุมัติวงเงิน อัตโนมัติโดยมีระบบคอยควบคุมไม่ให้เกินวงเงิน\' OR task_open != \'2017-01-15\' OR task_close != \'2018-01-15\' OR error_msg_thai != \'\' OR error_msg_english != \'\' OR success_msg_thai != \'\' OR success_msg_english != \'\' )', 1, 'successfully'),
(48, '2017-01-15 13:56:48', '2017-01-15 06:56:48', 7777, 'task', 3, 1, 'UPDATE', 'UPDATE task SET id=id,created=created,modified=CURRENT_TIMESTAMP,owner=7777,task_parent_id=2,task_action_type_id=3,task_status_id=1,job_id=8,amphur_id=843,province_id=7,country_id=\'ไทย\',name=\'ยื่นอนุมัติวงเงิน ใบสั่งซื้อ\',description=\'ยื่นอนุมัติวงเงิน ใบสั่งซื้อ\',task_open=\'2017-01-15\',task_close=\'2018-01-15\',error_msg_thai=\'\',error_msg_english=\'\',success_msg_thai=\'\',success_msg_english=\'\' WHERE id =3 AND ( id != id OR created != created OR modified != modified OR owner != 7777 OR task_parent_id != 2 OR task_action_type_id != 3 OR task_status_id != 1 OR job_id != 8 OR amphur_id != 843 OR province_id != 7 OR country_id != \'ไทย\' OR name != \'ยื่นอนุมัติวงเงิน ใบสั่งซื้อ\' OR description != \'ยื่นอนุมัติวงเงิน ใบสั่งซื้อ\' OR task_open != \'2017-01-15\' OR task_close != \'2018-01-15\' OR error_msg_thai != \'\' OR error_msg_english != \'\' OR success_msg_thai != \'\' OR success_msg_english != \'\' )', 1, 'successfully'),
(49, '2017-01-15 13:59:36', '2017-01-15 06:59:36', 7777, 'task', 2, 1, 'UPDATE', 'UPDATE task SET id=id,created=created,modified=CURRENT_TIMESTAMP,owner=1,task_parent_id=1,task_action_type_id=1,task_status_id=1,job_id=2,amphur_id=843,province_id=7,country_id=\'ไทย\',name=\'ิบันทึกใบPO\',description=\'ิบันทึกใบPO ผ่านทางระบบ bathline uno \',task_open=\'2017-01-15\',task_close=\'2018-01-15\',error_msg_thai=\'\',error_msg_english=\'\',success_msg_thai=\'\',success_msg_english=\'\' WHERE id =2 AND ( id != id OR created != created OR modified != modified OR owner != 1 OR task_parent_id != 1 OR task_action_type_id != 1 OR task_status_id != 1 OR job_id != 2 OR amphur_id != 843 OR province_id != 7 OR country_id != \'ไทย\' OR name != \'ิบันทึกใบPO\' OR description != \'ิบันทึกใบPO ผ่านทางระบบ bathline uno \' OR task_open != \'2017-01-15\' OR task_close != \'2018-01-15\' OR error_msg_thai != \'\' OR error_msg_english != \'\' OR success_msg_thai != \'\' OR success_msg_english != \'\' )', 1, 'successfully'),
(50, '2017-01-15 14:00:08', '2017-01-15 07:00:08', 7777, 'task', 2, 1, 'UPDATE', 'UPDATE task SET id=id,created=created,modified=CURRENT_TIMESTAMP,owner=1,task_parent_id=1,task_action_type_id=1,task_status_id=1,job_id=2,amphur_id=843,province_id=7,country_id=\'ไทย\',name=\'บันทึกใบ PO\',description=\'ิบันทึกใบPO ผ่านทางระบบ bathline uno \',task_open=\'2017-01-15\',task_close=\'2018-01-15\',error_msg_thai=\'\',error_msg_english=\'\',success_msg_thai=\'\',success_msg_english=\'\' WHERE id =2 AND ( id != id OR created != created OR modified != modified OR owner != 1 OR task_parent_id != 1 OR task_action_type_id != 1 OR task_status_id != 1 OR job_id != 2 OR amphur_id != 843 OR province_id != 7 OR country_id != \'ไทย\' OR name != \'บันทึกใบ PO\' OR description != \'ิบันทึกใบPO ผ่านทางระบบ bathline uno \' OR task_open != \'2017-01-15\' OR task_close != \'2018-01-15\' OR error_msg_thai != \'\' OR error_msg_english != \'\' OR success_msg_thai != \'\' OR success_msg_english != \'\' )', 1, 'successfully'),
(51, '2017-01-15 14:02:48', '2017-01-15 07:02:48', 7777, 'task', 7, 1, 'INSERT', 'INSERT INTO task (id,created,modified,owner,task_parent_id,task_action_type_id,task_status_id,job_id,amphur_id,province_id,country_id,name,description,task_open,task_close,error_msg_thai,error_msg_english,success_msg_thai,success_msg_english) VALUES (DEFAULT,CURRENT_TIMESTAMP,CURRENT_TIMESTAMP,7777,2,4,1,2,843,7,\'ไทย\',\'ตรวจสอบความถูกต้อง ใบสั่งซื้อ\',\'ตรวจสอบความถูกต้อง ใบสั่งซื้อ\',\'2017-01-15\',\'2018-01-15\',\'\',\'\',\'\',\'\')', 1, 'successfully'),
(52, '2017-01-15 14:03:41', '2017-01-15 07:03:41', 7777, 'task', 8, 1, 'INSERT', 'INSERT INTO task (id,created,modified,owner,task_parent_id,task_action_type_id,task_status_id,job_id,amphur_id,province_id,country_id,name,description,task_open,task_close,error_msg_thai,error_msg_english,success_msg_thai,success_msg_english) VALUES (DEFAULT,CURRENT_TIMESTAMP,CURRENT_TIMESTAMP,7777,6,2,1,2,843,7,\'ไทย\',\'แก้ไขใบสั่งซื้อ\',\'แก้ไขใบสั่งซื้อ\',\'2017-01-15\',\'2018-01-15\',\'\',\'\',\'\',\'\')', 1, 'successfully'),
(53, '2017-01-15 14:05:04', '2017-01-15 07:05:04', 7777, 'task', 3, 1, 'UPDATE', 'UPDATE task SET id=id,created=created,modified=CURRENT_TIMESTAMP,owner=7777,task_parent_id=6,task_action_type_id=3,task_status_id=1,job_id=8,amphur_id=843,province_id=7,country_id=\'ไทย\',name=\'ยื่นอนุมัติวงเงิน ใบสั่งซื้อ\',description=\'ยื่นอนุมัติวงเงิน ใบสั่งซื้อ\',task_open=\'2017-01-15\',task_close=\'2018-01-15\',error_msg_thai=\'\',error_msg_english=\'\',success_msg_thai=\'\',success_msg_english=\'\' WHERE id =3 AND ( id != id OR created != created OR modified != modified OR owner != 7777 OR task_parent_id != 6 OR task_action_type_id != 3 OR task_status_id != 1 OR job_id != 8 OR amphur_id != 843 OR province_id != 7 OR country_id != \'ไทย\' OR name != \'ยื่นอนุมัติวงเงิน ใบสั่งซื้อ\' OR description != \'ยื่นอนุมัติวงเงิน ใบสั่งซื้อ\' OR task_open != \'2017-01-15\' OR task_close != \'2018-01-15\' OR error_msg_thai != \'\' OR error_msg_english != \'\' OR success_msg_thai != \'\' OR success_msg_english != \'\' )', 1, 'successfully'),
(54, '2017-01-15 14:05:21', '2017-01-15 07:05:21', 7777, 'task', 4, 1, 'UPDATE', 'UPDATE task SET id=id,created=created,modified=CURRENT_TIMESTAMP,owner=7777,task_parent_id=6,task_action_type_id=4,task_status_id=1,job_id=8,amphur_id=843,province_id=7,country_id=\'ไทย\',name=\'อนุมัติวงเงิน ใบสั่งซื้อแบบ อัตโนมัติ\',description=\'อนุมัติวงเงิน อัตโนมัติโดยมีระบบคอยควบคุมไม่ให้เกินวงเงิน\',task_open=\'2017-01-15\',task_close=\'2018-01-15\',error_msg_thai=\'\',error_msg_english=\'\',success_msg_thai=\'\',success_msg_english=\'\' WHERE id =4 AND ( id != id OR created != created OR modified != modified OR owner != 7777 OR task_parent_id != 6 OR task_action_type_id != 4 OR task_status_id != 1 OR job_id != 8 OR amphur_id != 843 OR province_id != 7 OR country_id != \'ไทย\' OR name != \'อนุมัติวงเงิน ใบสั่งซื้อแบบ อัตโนมัติ\' OR description != \'อนุมัติวงเงิน อัตโนมัติโดยมีระบบคอยควบคุมไม่ให้เกินวงเงิน\' OR task_open != \'2017-01-15\' OR task_close != \'2018-01-15\' OR error_msg_thai != \'\' OR error_msg_english != \'\' OR success_msg_thai != \'\' OR success_msg_english != \'\' )', 1, 'successfully'),
(55, '2017-01-15 14:11:49', '2017-01-15 07:11:49', 7777, 'task', 3, 1, 'UPDATE', 'UPDATE task SET id=id,created=created,modified=CURRENT_TIMESTAMP,owner=7777,task_parent_id=6,task_action_type_id=3,task_status_id=1,job_id=8,amphur_id=843,province_id=7,country_id=\'ไทย\',name=\'ยื่นขออนุมัติวงเงิน ใบสั่งซื้อ\',description=\'ยื่นอนุมัติวงเงิน ใบสั่งซื้อ\',task_open=\'2017-01-15\',task_close=\'2018-01-15\',error_msg_thai=\'\',error_msg_english=\'\',success_msg_thai=\'\',success_msg_english=\'\' WHERE id =3 AND ( id != id OR created != created OR modified != modified OR owner != 7777 OR task_parent_id != 6 OR task_action_type_id != 3 OR task_status_id != 1 OR job_id != 8 OR amphur_id != 843 OR province_id != 7 OR country_id != \'ไทย\' OR name != \'ยื่นขออนุมัติวงเงิน ใบสั่งซื้อ\' OR description != \'ยื่นอนุมัติวงเงิน ใบสั่งซื้อ\' OR task_open != \'2017-01-15\' OR task_close != \'2018-01-15\' OR error_msg_thai != \'\' OR error_msg_english != \'\' OR success_msg_thai != \'\' OR success_msg_english != \'\' )', 1, 'successfully'),
(56, '2017-01-15 14:42:26', '2017-01-15 07:42:26', 7777, 'task', 9, 1, 'INSERT', 'INSERT INTO task (id,created,modified,owner,task_parent_id,task_action_type_id,task_status_id,job_id,amphur_id,province_id,country_id,name,description,task_open,task_close,error_msg_thai,error_msg_english,success_msg_thai,success_msg_english) VALUES (DEFAULT,CURRENT_TIMESTAMP,CURRENT_TIMESTAMP,7777,4,2,1,2,843,7,\'ไทย\',\'แบ่งส่ง\',\'แบ่งส่ง\',\'2017-01-15\',\'2018-01-15\',\'\',\'\',\'\',\'\')', 1, 'successfully'),
(57, '2017-01-15 14:48:43', '2017-01-15 07:48:43', 7777, 'task', 10, 1, 'INSERT', 'INSERT INTO task (id,created,modified,owner,task_parent_id,task_action_type_id,task_status_id,job_id,amphur_id,province_id,country_id,name,description,task_open,task_close,error_msg_thai,error_msg_english,success_msg_thai,success_msg_english) VALUES (DEFAULT,CURRENT_TIMESTAMP,CURRENT_TIMESTAMP,7777,8,4,1,4,843,7,\'ไทย\',\'เช็คสินค้า กับ ใบสั่งซื้อ\',\'เช็คสินค้า กับ ใบสั่งซื้อ\',\'2017-01-15\',\'2018-01-15\',\'\',\'\',\'\',\'\')', 1, 'successfully'),
(58, '2017-01-15 14:59:50', '2017-01-15 07:59:50', 7777, 'task', 11, 1, 'INSERT', 'INSERT INTO task (id,created,modified,owner,task_parent_id,task_action_type_id,task_status_id,job_id,amphur_id,province_id,country_id,name,description,task_open,task_close,error_msg_thai,error_msg_english,success_msg_thai,success_msg_english) VALUES (DEFAULT,CURRENT_TIMESTAMP,CURRENT_TIMESTAMP,7777,9,1,1,7,843,7,\'ไทย\',\'เริ่มการส่งสินค้า\',\'เริ่มการส่งสินค้า\',\'2017-01-15\',\'2018-01-15\',\'\',\'\',\'\',\'\')', 1, 'successfully'),
(59, '2017-01-15 15:00:40', '2017-01-15 08:00:40', 7777, 'task', 12, 1, 'INSERT', 'INSERT INTO task (id,created,modified,owner,task_parent_id,task_action_type_id,task_status_id,job_id,amphur_id,province_id,country_id,name,description,task_open,task_close,error_msg_thai,error_msg_english,success_msg_thai,success_msg_english) VALUES (DEFAULT,CURRENT_TIMESTAMP,CURRENT_TIMESTAMP,7777,9,3,1,7,843,7,\'ไทย\',\'ส่งเสร็จสิ้น\',\'ส่งเสร็จสิ้น\',\'2017-01-15\',\'2018-01-15\',\'\',\'\',\'\',\'\')', 1, 'successfully'),
(60, '2017-01-15 15:02:24', '2017-01-15 08:02:24', 7777, 'task', 13, 1, 'INSERT', 'INSERT INTO task (id,created,modified,owner,task_parent_id,task_action_type_id,task_status_id,job_id,amphur_id,province_id,country_id,name,description,task_open,task_close,error_msg_thai,error_msg_english,success_msg_thai,success_msg_english) VALUES (DEFAULT,CURRENT_TIMESTAMP,CURRENT_TIMESTAMP,7777,11,4,1,4,843,7,\'ไทย\',\'ตรวจสอบสินค้าชำรุด\',\'ตรวจสอบสินค้าชำรุด\',\'2017-01-15\',\'2018-01-15\',\'\',\'\',\'\',\'\')', 1, 'successfully'),
(61, '2017-01-15 15:04:11', '2017-01-15 08:04:11', 7777, 'task', 14, 1, 'INSERT', 'INSERT INTO task (id,created,modified,owner,task_parent_id,task_action_type_id,task_status_id,job_id,amphur_id,province_id,country_id,name,description,task_open,task_close,error_msg_thai,error_msg_english,success_msg_thai,success_msg_english) VALUES (DEFAULT,CURRENT_TIMESTAMP,CURRENT_TIMESTAMP,7777,12,1,1,8,843,7,\'ไทย\',\'บันทึกเงินเข้า\',\'บันทึกเงินเข้า\',\'2017-01-15\',\'2018-01-15\',\'\',\'\',\'\',\'\')', 1, 'successfully'),
(62, '2017-01-15 15:05:00', '2017-01-15 08:05:00', 7777, 'task', 15, 1, 'INSERT', 'INSERT INTO task (id,created,modified,owner,task_parent_id,task_action_type_id,task_status_id,job_id,amphur_id,province_id,country_id,name,description,task_open,task_close,error_msg_thai,error_msg_english,success_msg_thai,success_msg_english) VALUES (DEFAULT,CURRENT_TIMESTAMP,CURRENT_TIMESTAMP,7777,12,1,1,8,843,7,\'ไทย\',\'ลงรายละเอียดสินค้าชำรุด\',\'ลงรายละเอียดสินค้าชำรุด\',\'2017-01-15\',\'2018-01-15\',\'\',\'\',\'\',\'\')', 1, 'successfully'),
(63, '2017-01-15 15:16:02', '2017-01-15 08:16:02', 7777, 'job_log', 2, 1, 'INSERT', 'INSERT INTO job_log (id,created,modified,owner,job_id,employee_id,job_log_status_id) VALUES (DEFAULT,CURRENT_TIMESTAMP,CURRENT_TIMESTAMP,7777,2,1,1)', 1, 'successfully'),
(64, '2017-01-16 00:20:47', '2017-01-15 17:20:47', 1, 'job_log', 5, 1, 'INSERT', 'INSERT INTO job_log (id,created,modified,owner,job_id,employee_id,job_log_status_id) VALUES (DEFAULT,CURRENT_TIMESTAMP,CURRENT_TIMESTAMP,1,7,1,1)', 1, 'successfully'),
(65, '2017-01-17 14:21:46', '2017-01-17 07:21:46', 1, 'db_reference', 2, 1, 'INSERT', 'INSERT INTO db_reference (id,created,modified,owner,name,db_name) VALUES (DEFAULT,CURRENT_TIMESTAMP,CURRENT_TIMESTAMP,1,\'agent\',\'agent\')', 1, 'successfully'),
(66, '2017-01-17 14:23:17', '2017-01-17 07:23:17', 1, 'db_reference', 3, 1, 'INSERT', 'INSERT INTO db_reference (id,created,modified,owner,name,db_name) VALUES (DEFAULT,CURRENT_TIMESTAMP,CURRENT_TIMESTAMP,1,\'order detail\',\'order_detail\')', 1, 'successfully'),
(67, '2017-01-17 14:23:33', '2017-01-17 07:23:33', 1, 'db_reference', 4, 1, 'INSERT', 'INSERT INTO db_reference (id,created,modified,owner,name,db_name) VALUES (DEFAULT,CURRENT_TIMESTAMP,CURRENT_TIMESTAMP,1,\'order detail status\',\'order_detail_status\')', 1, 'successfully'),
(68, '2017-01-17 14:24:16', '2017-01-17 07:24:16', 1, 'db_reference', 5, 1, 'INSERT', 'INSERT INTO db_reference (id,created,modified,owner,name,db_name) VALUES (DEFAULT,CURRENT_TIMESTAMP,CURRENT_TIMESTAMP,1,\'order list\',\'order_list\')', 1, 'successfully'),
(69, '2017-01-17 14:24:31', '2017-01-17 07:24:31', 1, 'db_reference', 6, 1, 'INSERT', 'INSERT INTO db_reference (id,created,modified,owner,name,db_name) VALUES (DEFAULT,CURRENT_TIMESTAMP,CURRENT_TIMESTAMP,1,\'order process status\',\'order_process_status\')', 1, 'successfully'),
(70, '2017-01-17 14:28:27', '2017-01-17 07:28:27', 1, 'task_db_logg', 2, 1, 'INSERT', 'INSERT INTO task_db_logg (id,created,modified,owner,task_id,db_reference_id) VALUES (DEFAULT,CURRENT_TIMESTAMP,CURRENT_TIMESTAMP,1,2,2)', 1, 'successfully'),
(71, '2017-01-17 14:29:36', '2017-01-17 07:29:36', 1, 'task_db_logg', 3, 1, 'INSERT', 'INSERT INTO task_db_logg (id,created,modified,owner,task_id,db_reference_id) VALUES (DEFAULT,CURRENT_TIMESTAMP,CURRENT_TIMESTAMP,1,2,3)', 1, 'successfully'),
(72, '2017-01-17 14:30:07', '2017-01-17 07:30:07', 1, 'task_db_logg', 4, 1, 'INSERT', 'INSERT INTO task_db_logg (id,created,modified,owner,task_id,db_reference_id) VALUES (DEFAULT,CURRENT_TIMESTAMP,CURRENT_TIMESTAMP,1,2,4)', 1, 'successfully'),
(73, '2017-01-17 14:30:09', '2017-01-17 07:30:09', 1, 'task_db_logg', 5, 1, 'INSERT', 'INSERT INTO task_db_logg (id,created,modified,owner,task_id,db_reference_id) VALUES (DEFAULT,CURRENT_TIMESTAMP,CURRENT_TIMESTAMP,1,2,5)', 1, 'successfully'),
(74, '2017-01-17 16:20:34', '2017-01-17 09:20:34', 1, 'task_db_log', 6, 1, 'INSERT', 'INSERT INTO task_db_log (id,created,modified,owner,task_id,db_reference_id) VALUES (DEFAULT,CURRENT_TIMESTAMP,CURRENT_TIMESTAMP,1,12,4)', 1, 'successfully'),
(75, '2017-01-19 00:57:37', '2017-01-18 17:57:37', 1, 'region', 2, 1, 'INSERT', 'INSERT INTO region (id,created,modified,owner,name,description,region_parent_id) VALUES (DEFAULT,CURRENT_TIMESTAMP,CURRENT_TIMESTAMP,1,\'central\',\'central\',1)', 1, 'successfully'),
(76, '2017-01-19 00:57:56', '2017-01-18 17:57:56', 1, 'agent', 2, 1, 'INSERT', 'INSERT INTO agent (id,created,modified,owner,name,phone,description,region_id,bank_account_1,bank_account_2,tax_identification) VALUES (DEFAULT,CURRENT_TIMESTAMP,CURRENT_TIMESTAMP,1,\'woodandceramic\',\'\',\'\',1,\'\',\'\',\'\')', 1, 'successfully'),
(77, '2017-01-19 00:59:57', '2017-01-18 17:59:57', 1, 'supplier', 2, 1, 'INSERT', 'INSERT INTO supplier (id,created,modified,owner,name,description,city,province,country,email,phone,bank_account,bank_account_2,tax_identification) VALUES (DEFAULT,CURRENT_TIMESTAMP,CURRENT_TIMESTAMP,1,\'Flossy\',\'\',\'\',\'\',\'\',\'\',\'\',\'\',\'\',\'\')', 1, 'successfully'),
(78, '2017-01-19 01:00:35', '2017-01-18 18:00:35', 1, 'product_catagories', 2, 1, 'INSERT', 'INSERT INTO product_catagories (id,created,modified,owner,product_catagories_parent_id,name,name_english) VALUES (DEFAULT,CURRENT_TIMESTAMP,CURRENT_TIMESTAMP,1,1,\'root\',\'root\')', 1, 'successfully'),
(79, '2017-01-19 01:01:32', '2017-01-18 18:01:32', 1, 'product_status', 2, 1, 'INSERT', 'INSERT INTO product_status (id,created,modified,owner,name,description,boolean) VALUES (DEFAULT,CURRENT_TIMESTAMP,CURRENT_TIMESTAMP,1,\'ACTIVE\',\'ACTIVE\',1)', 1, 'successfully'),
(80, '2017-01-19 01:01:58', '2017-01-18 18:01:58', 1, 'product', 2, 1, 'INSERT', 'INSERT INTO product (id,created,modified,owner,supplier_id,product_catagories_id,product_status_id,name,name_english,short_description,long_description,barcode) VALUES (DEFAULT,CURRENT_TIMESTAMP,CURRENT_TIMESTAMP,1,1,1,1,\'B4023\',\'B4023\',\'\',\'\',\'\')', 1, 'successfully'),
(81, '2017-01-19 01:02:40', '2017-01-18 18:02:40', 1, 'order_detail_status', 2, 1, 'INSERT', 'INSERT INTO order_detail_status (id,created,modified,owner,name,description,boolean) VALUES (DEFAULT,CURRENT_TIMESTAMP,CURRENT_TIMESTAMP,1,\'ACTIVE\',\'ACTIVE\',1)', 1, 'successfully'),
(82, '2017-01-19 01:32:42', '2017-01-18 18:32:42', 1, 'order_list', 2, 1, 'INSERT', 'INSERT INTO order_list (id,created,modified,owner,agent_id,name) VALUES (DEFAULT,CURRENT_TIMESTAMP,CURRENT_TIMESTAMP,1,1,\'24242\')', 1, 'successfully'),
(83, '2017-01-19 01:48:08', '2017-01-18 18:48:08', 1, 'order_list', 3, 1, 'INSERT', 'INSERT INTO order_list (id,created,modified,owner,agent_id,name) VALUES (DEFAULT,CURRENT_TIMESTAMP,CURRENT_TIMESTAMP,1,1,\'1241\')', 1, 'successfully'),
(84, '2017-01-19 01:50:16', '2017-01-18 18:50:16', 1, 'attachment', 2, 1, 'INSERT', 'INSERT INTO attachment (id,created,modified,owner,record_name,record_document,attachment_type,file_dir,file_extension) VALUES (DEFAULT,CURRENT_TIMESTAMP,CURRENT_TIMESTAMP,\'1\',\'order_list\',3,1,\'C:/wamp64/www/public/upload/attachment/1701180650-630859375.jpg\',\'jpg\')', 1, 'successfully'),
(85, '2017-01-19 01:50:16', '2017-01-18 18:50:16', 1, 'order_list', 4, 1, 'INSERT', 'INSERT INTO order_list (id,created,modified,owner,agent_id,name) VALUES (DEFAULT,CURRENT_TIMESTAMP,CURRENT_TIMESTAMP,1,1,\'2424\')', 1, 'successfully'),
(86, '2017-01-19 01:52:08', '2017-01-18 18:52:08', 1, 'task', 16, 1, 'INSERT', 'INSERT INTO task (id,created,modified,owner,task_parent_id,task_action_type_id,task_status_id,job_id,amphur_id,province_id,country_id,name,description,task_open,task_close,error_msg_thai,error_msg_english,success_msg_thai,success_msg_english) VALUES (DEFAULT,CURRENT_TIMESTAMP,CURRENT_TIMESTAMP,1,2,1,1,2,843,7,\'ไทย\',\'บันทึกรายละเอียดสินค้า\',\'บันทึกรายละเอียดสินค้า\',\'2017-01-15\',\'2018-01-15\',\'\',\'\',\'\',\'\')', 1, 'successfully'),
(87, '2017-01-19 01:52:25', '2017-01-18 18:52:25', 1, 'task_db_log', 7, 1, 'INSERT', 'INSERT INTO task_db_log (id,created,modified,owner,task_id,db_reference_id) VALUES (DEFAULT,CURRENT_TIMESTAMP,CURRENT_TIMESTAMP,1,15,2)', 1, 'successfully'),
(88, '2017-01-19 01:54:34', '2017-01-18 18:54:34', 1, 'order_detail', 2, 1, 'INSERT', 'INSERT INTO order_detail (id,created,modified,owner,order_list_id,product_id,quantity,price,order_detail_status_id) VALUES (DEFAULT,CURRENT_TIMESTAMP,CURRENT_TIMESTAMP,1,1,1,12,30,1)', 1, 'successfully'),
(89, '2017-01-19 01:56:20', '2017-01-18 18:56:20', 1, 'task_db_log', 8, 1, 'INSERT', 'INSERT INTO task_db_log (id,created,modified,owner,task_id,db_reference_id) VALUES (DEFAULT,CURRENT_TIMESTAMP,CURRENT_TIMESTAMP,1,6,2)', 1, 'successfully'),
(90, '2017-01-19 02:09:58', '2017-01-18 19:09:58', 1, 'task_db_log', 9, 1, 'INSERT', 'INSERT INTO task_db_log (id,created,modified,owner,task_id,db_reference_id) VALUES (DEFAULT,CURRENT_TIMESTAMP,CURRENT_TIMESTAMP,1,7,2)', 1, 'successfully'),
(91, '2017-01-19 02:31:36', '2017-01-18 19:31:36', 1, 'task_db_log', 7, 1, 'UPDATE', 'UPDATE task_db_log SET id=id,created=created,modified=CURRENT_TIMESTAMP,owner=1,task_id=6,db_reference_id=4 WHERE id =7 AND ( id != id OR created != created OR modified != modified OR owner != 1 OR task_id != 6 OR db_reference_id != 4 )', 1, 'successfully'),
(92, '2017-01-19 02:39:43', '2017-01-18 19:39:43', 1, 'task_db_log', 1, 1, 'UPDATE', 'UPDATE task_db_log SET id=id,created=created,modified=CURRENT_TIMESTAMP,owner=1,task_id=6,db_reference_id=4 WHERE id =1 AND ( id != id OR created != created OR modified != modified OR owner != 1 OR task_id != 6 OR db_reference_id != 4 )', 1, 'successfully'),
(93, '2017-01-19 02:39:56', '2017-01-18 19:39:56', 1, 'task_db_log', 7, 1, 'UPDATE', 'UPDATE task_db_log SET id=id,created=created,modified=CURRENT_TIMESTAMP,owner=1,task_id=2,db_reference_id=4 WHERE id =7 AND ( id != id OR created != created OR modified != modified OR owner != 1 OR task_id != 2 OR db_reference_id != 4 )', 1, 'successfully'),
(94, '2017-01-19 02:42:20', '2017-01-18 19:42:20', 1, 'task_db_log', 10, 1, 'INSERT', 'INSERT INTO task_db_log (id,created,modified,owner,task_id,db_reference_id) VALUES (DEFAULT,CURRENT_TIMESTAMP,CURRENT_TIMESTAMP,1,13,1)', 1, 'successfully'),
(95, '2017-01-19 02:48:22', '2017-01-18 19:48:22', 1, 'task_db_log', 8, 1, 'UPDATE', 'UPDATE task_db_log SET id=id,created=created,modified=CURRENT_TIMESTAMP,owner=1,task_id=7,db_reference_id=4 WHERE id =8 AND ( id != id OR created != created OR modified != modified OR owner != 1 OR task_id != 7 OR db_reference_id != 4 )', 1, 'successfully'),
(96, '2017-01-19 03:11:41', '2017-01-18 20:11:41', 1, 'order_list', 5, 1, 'INSERT', 'INSERT INTO order_list (id,created,modified,owner,agent_id,name) VALUES (DEFAULT,CURRENT_TIMESTAMP,CURRENT_TIMESTAMP,1,1,\'2\')', 1, 'successfully');

-- --------------------------------------------------------

--
-- Table structure for table `task_log_status`
--

CREATE TABLE `task_log_status` (
  `id` int(11) NOT NULL,
  `created` datetime NOT NULL,
  `modified` timestamp NOT NULL,
  `owner` int(8) NOT NULL,
  `name` varchar(32) COLLATE utf8_unicode_ci NOT NULL,
  `description` text COLLATE utf8_unicode_ci NOT NULL
) ENGINE=MyISAM DEFAULT CHARSET=utf8 COLLATE=utf8_unicode_ci;

-- --------------------------------------------------------

--
-- Table structure for table `task_status`
--

CREATE TABLE `task_status` (
  `id` int(11) NOT NULL,
  `created` datetime NOT NULL,
  `modified` timestamp NOT NULL,
  `owner` int(8) NOT NULL,
  `name` varchar(32) COLLATE utf8_unicode_ci NOT NULL,
  `description` text COLLATE utf8_unicode_ci NOT NULL,
  `boolean` int(1) NOT NULL
) ENGINE=MyISAM DEFAULT CHARSET=utf8 COLLATE=utf8_unicode_ci;

--
-- Dumping data for table `task_status`
--

INSERT INTO `task_status` (`id`, `created`, `modified`, `owner`, `name`, `description`, `boolean`) VALUES
(1, '2017-01-15 11:13:34', '2017-01-15 04:15:08', 1, 'ACTIVATE', 'สถานะเปิด', 1),
(2, '2017-01-15 11:14:55', '2017-01-15 04:14:55', 1, 'DEACTIVATE', 'สถานะปิด', 0);

--
-- Indexes for dumped tables
--

--
-- Indexes for table `action_permission`
--
ALTER TABLE `action_permission`
  ADD PRIMARY KEY (`id`);

--
-- Indexes for table `action_permission_type`
--
ALTER TABLE `action_permission_type`
  ADD PRIMARY KEY (`id`);

--
-- Indexes for table `agent`
--
ALTER TABLE `agent`
  ADD PRIMARY KEY (`id`);

--
-- Indexes for table `agent_credit_log`
--
ALTER TABLE `agent_credit_log`
  ADD PRIMARY KEY (`id`);

--
-- Indexes for table `amphur`
--
ALTER TABLE `amphur`
  ADD PRIMARY KEY (`id`);

--
-- Indexes for table `attachment`
--
ALTER TABLE `attachment`
  ADD PRIMARY KEY (`id`);

--
-- Indexes for table `attachment_type`
--
ALTER TABLE `attachment_type`
  ADD PRIMARY KEY (`id`);

--
-- Indexes for table `authentication`
--
ALTER TABLE `authentication`
  ADD PRIMARY KEY (`id`),
  ADD UNIQUE KEY `username_UNIQUE` (`username`),
  ADD UNIQUE KEY `id_UNIQUE` (`id`),
  ADD UNIQUE KEY `email_UNIQUE` (`email`);

--
-- Indexes for table `db_reference`
--
ALTER TABLE `db_reference`
  ADD PRIMARY KEY (`id`);

--
-- Indexes for table `delivery`
--
ALTER TABLE `delivery`
  ADD PRIMARY KEY (`id`);

--
-- Indexes for table `delivery_log`
--
ALTER TABLE `delivery_log`
  ADD PRIMARY KEY (`id`);

--
-- Indexes for table `delivery_process_status`
--
ALTER TABLE `delivery_process_status`
  ADD PRIMARY KEY (`id`);

--
-- Indexes for table `employee`
--
ALTER TABLE `employee`
  ADD PRIMARY KEY (`id`);

--
-- Indexes for table `job`
--
ALTER TABLE `job`
  ADD PRIMARY KEY (`id`);

--
-- Indexes for table `job_log`
--
ALTER TABLE `job_log`
  ADD PRIMARY KEY (`id`);

--
-- Indexes for table `job_log_status`
--
ALTER TABLE `job_log_status`
  ADD PRIMARY KEY (`id`);

--
-- Indexes for table `loginattempts`
--
ALTER TABLE `loginattempts`
  ADD PRIMARY KEY (`ID`);

--
-- Indexes for table `note`
--
ALTER TABLE `note`
  ADD PRIMARY KEY (`id`);

--
-- Indexes for table `note_type`
--
ALTER TABLE `note_type`
  ADD PRIMARY KEY (`id`);

--
-- Indexes for table `order_detail`
--
ALTER TABLE `order_detail`
  ADD PRIMARY KEY (`id`);

--
-- Indexes for table `order_detail_status`
--
ALTER TABLE `order_detail_status`
  ADD PRIMARY KEY (`id`);

--
-- Indexes for table `order_list`
--
ALTER TABLE `order_list`
  ADD PRIMARY KEY (`id`);

--
-- Indexes for table `order_log`
--
ALTER TABLE `order_log`
  ADD PRIMARY KEY (`id`);

--
-- Indexes for table `order_process_status`
--
ALTER TABLE `order_process_status`
  ADD PRIMARY KEY (`id`);

--
-- Indexes for table `product`
--
ALTER TABLE `product`
  ADD PRIMARY KEY (`id`);

--
-- Indexes for table `product_attribute`
--
ALTER TABLE `product_attribute`
  ADD PRIMARY KEY (`id`);

--
-- Indexes for table `product_attribute_value`
--
ALTER TABLE `product_attribute_value`
  ADD PRIMARY KEY (`id`);

--
-- Indexes for table `product_catagories`
--
ALTER TABLE `product_catagories`
  ADD PRIMARY KEY (`id`);

--
-- Indexes for table `product_status`
--
ALTER TABLE `product_status`
  ADD PRIMARY KEY (`id`);

--
-- Indexes for table `province`
--
ALTER TABLE `province`
  ADD PRIMARY KEY (`id`);

--
-- Indexes for table `region`
--
ALTER TABLE `region`
  ADD PRIMARY KEY (`id`);

--
-- Indexes for table `supplier`
--
ALTER TABLE `supplier`
  ADD PRIMARY KEY (`id`);

--
-- Indexes for table `task`
--
ALTER TABLE `task`
  ADD PRIMARY KEY (`id`);

--
-- Indexes for table `task_action_type`
--
ALTER TABLE `task_action_type`
  ADD PRIMARY KEY (`id`);

--
-- Indexes for table `task_db_log`
--
ALTER TABLE `task_db_log`
  ADD PRIMARY KEY (`id`);

--
-- Indexes for table `task_flow`
--
ALTER TABLE `task_flow`
  ADD PRIMARY KEY (`id`);

--
-- Indexes for table `task_log`
--
ALTER TABLE `task_log`
  ADD PRIMARY KEY (`id`);

--
-- Indexes for table `task_log_status`
--
ALTER TABLE `task_log_status`
  ADD PRIMARY KEY (`id`);

--
-- Indexes for table `task_status`
--
ALTER TABLE `task_status`
  ADD PRIMARY KEY (`id`);

--
-- AUTO_INCREMENT for dumped tables
--

--
-- AUTO_INCREMENT for table `action_permission`
--
ALTER TABLE `action_permission`
  MODIFY `id` int(11) NOT NULL AUTO_INCREMENT, AUTO_INCREMENT=2;
--
-- AUTO_INCREMENT for table `action_permission_type`
--
ALTER TABLE `action_permission_type`
  MODIFY `id` int(11) NOT NULL AUTO_INCREMENT, AUTO_INCREMENT=3;
--
-- AUTO_INCREMENT for table `agent`
--
ALTER TABLE `agent`
  MODIFY `id` int(11) NOT NULL AUTO_INCREMENT, AUTO_INCREMENT=2;
--
-- AUTO_INCREMENT for table `agent_credit_log`
--
ALTER TABLE `agent_credit_log`
  MODIFY `id` int(11) NOT NULL AUTO_INCREMENT;
--
-- AUTO_INCREMENT for table `amphur`
--
ALTER TABLE `amphur`
  MODIFY `id` int(5) NOT NULL AUTO_INCREMENT, AUTO_INCREMENT=999;
--
-- AUTO_INCREMENT for table `attachment`
--
ALTER TABLE `attachment`
  MODIFY `id` int(11) NOT NULL AUTO_INCREMENT, AUTO_INCREMENT=2;
--
-- AUTO_INCREMENT for table `attachment_type`
--
ALTER TABLE `attachment_type`
  MODIFY `id` int(11) NOT NULL AUTO_INCREMENT;
--
-- AUTO_INCREMENT for table `db_reference`
--
ALTER TABLE `db_reference`
  MODIFY `id` int(11) NOT NULL AUTO_INCREMENT, AUTO_INCREMENT=6;
--
-- AUTO_INCREMENT for table `delivery`
--
ALTER TABLE `delivery`
  MODIFY `id` int(11) NOT NULL AUTO_INCREMENT;
--
-- AUTO_INCREMENT for table `delivery_log`
--
ALTER TABLE `delivery_log`
  MODIFY `id` int(11) NOT NULL AUTO_INCREMENT;
--
-- AUTO_INCREMENT for table `delivery_process_status`
--
ALTER TABLE `delivery_process_status`
  MODIFY `id` int(11) NOT NULL AUTO_INCREMENT;
--
-- AUTO_INCREMENT for table `employee`
--
ALTER TABLE `employee`
  MODIFY `id` int(11) NOT NULL AUTO_INCREMENT, AUTO_INCREMENT=2;
--
-- AUTO_INCREMENT for table `job`
--
ALTER TABLE `job`
  MODIFY `id` int(11) NOT NULL AUTO_INCREMENT, AUTO_INCREMENT=11;
--
-- AUTO_INCREMENT for table `job_log`
--
ALTER TABLE `job_log`
  MODIFY `id` int(11) NOT NULL AUTO_INCREMENT, AUTO_INCREMENT=8;
--
-- AUTO_INCREMENT for table `job_log_status`
--
ALTER TABLE `job_log_status`
  MODIFY `id` int(11) NOT NULL AUTO_INCREMENT, AUTO_INCREMENT=5;
--
-- AUTO_INCREMENT for table `loginattempts`
--
ALTER TABLE `loginattempts`
  MODIFY `ID` int(11) NOT NULL AUTO_INCREMENT, AUTO_INCREMENT=4;
--
-- AUTO_INCREMENT for table `note`
--
ALTER TABLE `note`
  MODIFY `id` int(11) NOT NULL AUTO_INCREMENT;
--
-- AUTO_INCREMENT for table `note_type`
--
ALTER TABLE `note_type`
  MODIFY `id` int(11) NOT NULL AUTO_INCREMENT;
--
-- AUTO_INCREMENT for table `order_detail`
--
ALTER TABLE `order_detail`
  MODIFY `id` int(11) NOT NULL AUTO_INCREMENT, AUTO_INCREMENT=2;
--
-- AUTO_INCREMENT for table `order_detail_status`
--
ALTER TABLE `order_detail_status`
  MODIFY `id` int(11) NOT NULL AUTO_INCREMENT, AUTO_INCREMENT=2;
--
-- AUTO_INCREMENT for table `order_list`
--
ALTER TABLE `order_list`
  MODIFY `id` int(11) NOT NULL AUTO_INCREMENT, AUTO_INCREMENT=5;
--
-- AUTO_INCREMENT for table `order_log`
--
ALTER TABLE `order_log`
  MODIFY `id` int(11) NOT NULL AUTO_INCREMENT;
--
-- AUTO_INCREMENT for table `order_process_status`
--
ALTER TABLE `order_process_status`
  MODIFY `id` int(11) NOT NULL AUTO_INCREMENT;
--
-- AUTO_INCREMENT for table `product`
--
ALTER TABLE `product`
  MODIFY `id` int(11) NOT NULL AUTO_INCREMENT, AUTO_INCREMENT=2;
--
-- AUTO_INCREMENT for table `product_attribute`
--
ALTER TABLE `product_attribute`
  MODIFY `id` int(11) NOT NULL AUTO_INCREMENT;
--
-- AUTO_INCREMENT for table `product_attribute_value`
--
ALTER TABLE `product_attribute_value`
  MODIFY `id` int(11) NOT NULL AUTO_INCREMENT;
--
-- AUTO_INCREMENT for table `product_catagories`
--
ALTER TABLE `product_catagories`
  MODIFY `id` int(11) NOT NULL AUTO_INCREMENT, AUTO_INCREMENT=2;
--
-- AUTO_INCREMENT for table `product_status`
--
ALTER TABLE `product_status`
  MODIFY `id` int(11) NOT NULL AUTO_INCREMENT, AUTO_INCREMENT=2;
--
-- AUTO_INCREMENT for table `province`
--
ALTER TABLE `province`
  MODIFY `id` int(5) NOT NULL AUTO_INCREMENT, AUTO_INCREMENT=78;
--
-- AUTO_INCREMENT for table `region`
--
ALTER TABLE `region`
  MODIFY `id` int(11) NOT NULL AUTO_INCREMENT, AUTO_INCREMENT=2;
--
-- AUTO_INCREMENT for table `supplier`
--
ALTER TABLE `supplier`
  MODIFY `id` int(11) NOT NULL AUTO_INCREMENT, AUTO_INCREMENT=2;
--
-- AUTO_INCREMENT for table `task`
--
ALTER TABLE `task`
  MODIFY `id` int(11) NOT NULL AUTO_INCREMENT, AUTO_INCREMENT=16;
--
-- AUTO_INCREMENT for table `task_action_type`
--
ALTER TABLE `task_action_type`
  MODIFY `id` int(11) NOT NULL AUTO_INCREMENT, AUTO_INCREMENT=5;
--
-- AUTO_INCREMENT for table `task_db_log`
--
ALTER TABLE `task_db_log`
  MODIFY `id` int(11) NOT NULL AUTO_INCREMENT, AUTO_INCREMENT=10;
--
-- AUTO_INCREMENT for table `task_flow`
--
ALTER TABLE `task_flow`
  MODIFY `id` int(11) NOT NULL AUTO_INCREMENT;
--
-- AUTO_INCREMENT for table `task_log`
--
ALTER TABLE `task_log`
  MODIFY `id` int(11) NOT NULL AUTO_INCREMENT, AUTO_INCREMENT=97;
--
-- AUTO_INCREMENT for table `task_log_status`
--
ALTER TABLE `task_log_status`
  MODIFY `id` int(11) NOT NULL AUTO_INCREMENT;
--
-- AUTO_INCREMENT for table `task_status`
--
ALTER TABLE `task_status`
  MODIFY `id` int(11) NOT NULL AUTO_INCREMENT, AUTO_INCREMENT=3;
/*!40101 SET CHARACTER_SET_CLIENT=@OLD_CHARACTER_SET_CLIENT */;
/*!40101 SET CHARACTER_SET_RESULTS=@OLD_CHARACTER_SET_RESULTS */;
/*!40101 SET COLLATION_CONNECTION=@OLD_COLLATION_CONNECTION */;
